numSeedling,position.x,numMature,position.y,numSapling,step,replicate
1,55,0,25,0,0,0
1,25,0,5,0,0,0
1,95,0,45,0,0,0
1,95,0,75,0,0,0
1,25,0,55,0,0,0
1,85,0,15,0,0,0
1,25,0,25,0,0,0
1,85,0,65,0,0,0
1,25,0,45,0,0,0
1,15,0,85,0,0,0
1,35,0,5,0,0,0
1,95,0,85,0,0,0
1,65,0,65,0,0,0
1,85,0,25,0,0,0
1,15,0,75,0,0,0
1,75,0,55,0,0,0
1,45,0,85,0,0,0
1,45,0,65,0,0,0
1,55,0,55,0,0,0
1,45,0,55,0,0,0
1,75,0,15,0,0,0
1,75,0,25,0,0,0
1,75,0,45,0,0,0
1,95,0,35,0,0,0
1,75,0,85,0,0,0
1,85,0,5,0,0,0
1,95,0,65,0,0,0
1,5,0,5,0,0,0
1,15,0,95,0,0,0
1,55,0,15,0,0,0
1,95,0,15,0,0,0
1,45,0,35,0,0,0
1,85,0,55,0,0,0
1,55,0,45,0,0,0
1,25,0,85,0,0,0
1,75,0,65,0,0,0
1,65,0,5,0,0,0
1,5,0,95,0,0,0
1,55,0,35,0,0,0
1,25,0,15,0,0,0
1,85,0,95,0,0,0
1,75,0,5,0,0,0
1,5,0,25,0,0,0
1,35,0,85,0,0,0
1,45,0,25,0,0,0
1,35,0,35,0,0,0
1,45,0,45,0,0,0
1,55,0,65,0,0,0
1,15,0,45,0,0,0
1,95,0,95,0,0,0
1,65,0,55,0,0,0
1,75,0,75,0,0,0
1,35,0,95,0,0,0
1,55,0,5,0,0,0
1,55,0,75,0,0,0
1,15,0,25,0,0,0
1,25,0,35,0,0,0
1,35,0,45,0,0,0
1,15,0,5,0,0,0
1,35,0,55,0,0,0
1,65,0,25,0,0,0
1,15,0,35,0,0,0
1,5,0,65,0,0,0
1,45,0,5,0,0,0
1,95,0,5,0,0,0
1,75,0,35,0,0,0
1,15,0,15,0,0,0
1,35,0,65,0,0,0
1,5,0,75,0,0,0
1,25,0,95,0,0,0
1,95,0,25,0,0,0
1,25,0,65,0,0,0
1,55,0,85,0,0,0
1,45,0,15,0,0,0
1,5,0,85,0,0,0
1,35,0,15,0,0,0
1,25,0,75,0,0,0
1,65,0,35,0,0,0
1,15,0,55,0,0,0
1,5,0,55,0,0,0
1,85,0,35,0,0,0
1,35,0,25,0,0,0
1,5,0,35,0,0,0
1,5,0,45,0,0,0
1,45,0,95,0,0,0
1,5,0,15,0,0,0
1,75,0,95,0,0,0
1,65,0,85,0,0,0
1,65,0,75,0,0,0
1,55,0,95,0,0,0
1,85,0,45,0,0,0
1,85,0,85,0,0,0
1,65,0,45,0,0,0
1,45,0,75,0,0,0
1,35,0,75,0,0,0
1,95,0,55,0,0,0
1,85,0,75,0,0,0
1,65,0,15,0,0,0
1,15,0,65,0,0,0
1,65,0,95,0,0,0
1,95,0,45,0,1,0
1,85,0,15,0,1,0
1,25,0,5,0,1,0
1,55,0,5,0,1,0
1,25,0,25,0,1,0
1,65,0,65,0,1,0
1,55,0,25,0,1,0
1,55,0,55,0,1,0
1,55,0,35,0,1,0
1,75,0,15,0,1,0
1,15,0,5,0,1,0
1,5,0,25,0,1,0
1,75,0,85,0,1,0
1,35,0,15,0,1,0
1,75,0,55,0,1,0
1,25,0,45,0,1,0
1,5,0,35,0,1,0
1,45,0,45,0,1,0
1,45,0,35,0,1,0
1,45,0,95,0,1,0
1,75,0,35,0,1,0
1,85,0,5,0,1,0
1,65,0,5,0,1,0
1,35,0,95,0,1,0
1,95,0,85,0,1,0
1,35,0,45,0,1,0
1,25,0,35,0,1,0
1,35,0,85,0,1,0
1,15,0,35,0,1,0
1,25,0,65,0,1,0
1,15,0,95,0,1,0
1,15,0,75,0,1,0
1,95,0,5,0,1,0
1,95,0,95,0,1,0
1,95,0,75,0,1,0
1,25,0,95,0,1,0
1,55,0,75,0,1,0
1,15,0,85,0,1,0
1,5,0,55,0,1,0
1,55,0,45,0,1,0
1,5,0,85,0,1,0
1,45,0,55,0,1,0
1,45,0,65,0,1,0
1,5,0,65,0,1,0
1,65,0,85,0,1,0
1,85,0,65,0,1,0
1,75,0,45,0,1,0
1,85,0,95,0,1,0
1,95,0,65,0,1,0
1,15,0,15,0,1,0
1,85,0,25,0,1,0
1,5,0,5,0,1,0
1,95,0,25,0,1,0
1,45,0,75,0,1,0
1,25,0,55,0,1,0
1,25,0,15,0,1,0
1,75,0,65,0,1,0
1,55,0,95,0,1,0
1,65,0,45,0,1,0
1,55,0,65,0,1,0
1,45,0,25,0,1,0
1,95,0,15,0,1,0
1,85,0,75,0,1,0
1,25,0,75,0,1,0
1,35,0,5,0,1,0
1,15,0,45,0,1,0
1,15,0,25,0,1,0
1,35,0,25,0,1,0
1,25,0,85,0,1,0
1,35,0,55,0,1,0
1,75,0,75,0,1,0
1,5,0,45,0,1,0
1,65,0,25,0,1,0
1,45,0,5,0,1,0
1,15,0,55,0,1,0
1,5,0,75,0,1,0
1,65,0,75,0,1,0
1,35,0,65,0,1,0
1,5,0,95,0,1,0
1,55,0,85,0,1,0
1,45,0,85,0,1,0
1,85,0,85,0,1,0
1,45,0,15,0,1,0
1,65,0,35,0,1,0
1,75,0,5,0,1,0
1,95,0,55,0,1,0
1,85,0,35,0,1,0
1,75,0,95,0,1,0
1,75,0,25,0,1,0
1,85,0,45,0,1,0
1,5,0,15,0,1,0
1,35,0,75,0,1,0
1,35,0,35,0,1,0
1,65,0,15,0,1,0
1,95,0,35,0,1,0
1,15,0,65,0,1,0
1,65,0,55,0,1,0
1,65,0,95,0,1,0
1,55,0,15,0,1,0
1,85,0,55,0,1,0
1,95,0,95,0,2,0
1,95,0,45,0,2,0
1,35,0,45,0,2,0
1,5,0,65,0,2,0
1,65,0,65,0,2,0
1,15,0,35,0,2,0
1,55,0,75,0,2,0
1,75,0,15,0,2,0
1,95,0,5,0,2,0
1,15,0,15,0,2,0
1,65,0,25,0,2,0
1,35,0,15,0,2,0
1,25,0,95,0,2,0
1,35,0,65,0,2,0
1,95,0,25,0,2,0
1,5,0,85,0,2,0
1,5,0,35,0,2,0
1,25,0,25,0,2,0
1,85,0,15,0,2,0
1,45,0,15,0,2,0
1,45,0,95,0,2,0
1,15,0,55,0,2,0
1,85,0,35,0,2,0
1,55,0,95,0,2,0
1,55,0,35,0,2,0
1,75,0,55,0,2,0
1,55,0,5,0,2,0
1,55,0,25,0,2,0
1,5,0,15,0,2,0
1,25,0,45,0,2,0
1,15,0,5,0,2,0
1,65,0,45,0,2,0
1,85,0,5,0,2,0
1,5,0,25,0,2,0
1,75,0,35,0,2,0
1,85,0,65,0,2,0
1,25,0,5,0,2,0
1,15,0,95,0,2,0
1,25,0,65,0,2,0
1,85,0,25,0,2,0
1,45,0,45,0,2,0
1,55,0,45,0,2,0
1,5,0,55,0,2,0
1,55,0,55,0,2,0
1,25,0,15,0,2,0
1,65,0,85,0,2,0
1,35,0,95,0,2,0
1,45,0,25,0,2,0
1,75,0,85,0,2,0
1,45,0,75,0,2,0
1,15,0,45,0,2,0
1,25,0,35,0,2,0
1,95,0,15,0,2,0
1,75,0,75,0,2,0
1,45,0,35,0,2,0
1,25,0,85,0,2,0
1,55,0,65,0,2,0
1,85,0,95,0,2,0
1,5,0,95,0,2,0
1,25,0,55,0,2,0
1,15,0,25,0,2,0
1,35,0,5,0,2,0
1,65,0,5,0,2,0
1,35,0,55,0,2,0
1,45,0,85,0,2,0
1,95,0,85,0,2,0
1,45,0,5,0,2,0
1,15,0,75,0,2,0
1,75,0,25,0,2,0
1,35,0,85,0,2,0
1,95,0,35,0,2,0
1,45,0,55,0,2,0
1,5,0,75,0,2,0
1,75,0,5,0,2,0
1,95,0,65,0,2,0
1,95,0,75,0,2,0
1,55,0,15,0,2,0
1,25,0,75,0,2,0
1,85,0,75,0,2,0
1,85,0,55,0,2,0
1,35,0,25,0,2,0
1,15,0,85,0,2,0
1,55,0,85,0,2,0
1,5,0,45,0,2,0
1,45,0,65,0,2,0
1,65,0,75,0,2,0
1,65,0,35,0,2,0
1,85,0,85,0,2,0
1,75,0,45,0,2,0
1,75,0,95,0,2,0
1,95,0,55,0,2,0
1,35,0,35,0,2,0
1,5,0,5,0,2,0
1,85,0,45,0,2,0
1,65,0,55,0,2,0
1,75,0,65,0,2,0
1,35,0,75,0,2,0
1,65,0,15,0,2,0
1,15,0,65,0,2,0
1,65,0,95,0,2,0
1,25,0,55,0,3,0
1,85,0,65,0,3,0
1,25,0,75,0,3,0
1,85,0,25,0,3,0
1,35,0,5,0,3,0
1,35,0,25,0,3,0
1,85,0,15,0,3,0
1,95,0,15,0,3,0
1,25,0,85,0,3,0
1,5,0,45,0,3,0
1,55,0,35,0,3,0
1,65,0,75,0,3,0
1,5,0,25,0,3,0
1,5,0,95,0,3,0
1,15,0,25,0,3,0
1,75,0,5,0,3,0
1,85,0,85,0,3,0
1,45,0,45,0,3,0
1,35,0,55,0,3,0
1,95,0,55,0,3,0
1,35,0,35,0,3,0
1,35,0,95,0,3,0
1,25,0,5,0,3,0
1,65,0,55,0,3,0
1,95,0,75,0,3,0
1,45,0,85,0,3,0
1,45,0,5,0,3,0
1,55,0,65,0,3,0
1,15,0,85,0,3,0
1,75,0,25,0,3,0
1,55,0,55,0,3,0
1,75,0,95,0,3,0
1,5,0,75,0,3,0
1,95,0,45,0,3,0
1,45,0,65,0,3,0
1,95,0,35,0,3,0
1,85,0,45,0,3,0
1,75,0,85,0,3,0
1,75,0,45,0,3,0
1,55,0,85,0,3,0
1,55,0,15,0,3,0
1,65,0,65,0,3,0
1,35,0,75,0,3,0
1,85,0,55,0,3,0
1,25,0,15,0,3,0
1,45,0,35,0,3,0
1,65,0,15,0,3,0
1,65,0,35,0,3,0
1,75,0,15,0,3,0
1,25,0,25,0,3,0
1,45,0,25,0,3,0
1,15,0,65,0,3,0
1,65,0,5,0,3,0
1,75,0,55,0,3,0
1,15,0,45,0,3,0
1,35,0,15,0,3,0
1,55,0,25,0,3,0
1,65,0,95,0,3,0
1,85,0,5,0,3,0
1,75,0,75,0,3,0
1,5,0,35,0,3,0
1,35,0,85,0,3,0
1,55,0,5,0,3,0
1,35,0,45,0,3,0
1,15,0,95,0,3,0
1,15,0,5,0,3,0
1,25,0,45,0,3,0
1,15,0,35,0,3,0
1,55,0,45,0,3,0
1,45,0,95,0,3,0
1,75,0,35,0,3,0
1,95,0,5,0,3,0
1,85,0,95,0,3,0
1,95,0,95,0,3,0
1,5,0,65,0,3,0
1,25,0,95,0,3,0
1,25,0,65,0,3,0
1,95,0,85,0,3,0
1,25,0,35,0,3,0
1,5,0,55,0,3,0
1,5,0,85,0,3,0
1,15,0,15,0,3,0
1,55,0,75,0,3,0
1,15,0,55,0,3,0
1,65,0,85,0,3,0
1,15,0,75,0,3,0
1,45,0,75,0,3,0
1,5,0,5,0,3,0
1,75,0,65,0,3,0
1,45,0,55,0,3,0
1,95,0,25,0,3,0
1,55,0,95,0,3,0
1,95,0,65,0,3,0
1,65,0,45,0,3,0
1,85,0,75,0,3,0
1,65,0,25,0,3,0
1,35,0,65,0,3,0
1,45,0,15,0,3,0
1,85,0,35,0,3,0
1,5,0,15,0,3,0
1,25,0,5,0,4,0
1,85,0,15,0,4,0
1,95,0,45,0,4,0
1,55,0,35,0,4,0
1,65,0,65,0,4,0
1,25,0,25,0,4,0
1,55,0,55,0,4,0
1,75,0,15,0,4,0
1,5,0,25,0,4,0
1,75,0,55,0,4,0
1,85,0,5,0,4,0
1,55,0,25,0,4,0
1,5,0,65,0,4,0
1,15,0,95,0,4,0
1,25,0,45,0,4,0
1,95,0,95,0,4,0
1,55,0,45,0,4,0
1,95,0,85,0,4,0
1,15,0,15,0,4,0
1,55,0,75,0,4,0
1,85,0,95,0,4,0
1,15,0,75,0,4,0
1,95,0,25,0,4,0
1,55,0,5,0,4,0
1,45,0,55,0,4,0
1,65,0,25,0,4,0
1,55,0,95,0,4,0
1,15,0,5,0,4,0
1,95,0,65,0,4,0
1,75,0,35,0,4,0
1,65,0,45,0,4,0
1,35,0,65,0,4,0
1,85,0,65,0,4,0
1,25,0,65,0,4,0
1,85,0,75,0,4,0
1,5,0,55,0,4,0
1,85,0,25,0,4,0
1,45,0,15,0,4,0
1,95,0,15,0,4,0
1,65,0,85,0,4,0
1,25,0,15,0,4,0
1,25,0,85,0,4,0
1,85,0,35,0,4,0
1,45,0,75,0,4,0
1,45,0,25,0,4,0
1,5,0,95,0,4,0
1,15,0,25,0,4,0
1,15,0,45,0,4,0
1,5,0,15,0,4,0
1,35,0,55,0,4,0
1,75,0,5,0,4,0
1,75,0,75,0,4,0
1,35,0,15,0,4,0
1,45,0,5,0,4,0
1,35,0,45,0,4,0
1,5,0,75,0,4,0
1,5,0,35,0,4,0
1,15,0,35,0,4,0
1,45,0,95,0,4,0
1,55,0,85,0,4,0
1,35,0,35,0,4,0
1,95,0,5,0,4,0
1,65,0,35,0,4,0
1,25,0,75,0,4,0
1,95,0,75,0,4,0
1,35,0,25,0,4,0
1,25,0,95,0,4,0
1,65,0,55,0,4,0
1,15,0,85,0,4,0
1,45,0,45,0,4,0
1,5,0,45,0,4,0
1,45,0,65,0,4,0
1,5,0,85,0,4,0
1,35,0,95,0,4,0
1,75,0,45,0,4,0
1,65,0,75,0,4,0
1,5,0,5,0,4,0
1,25,0,35,0,4,0
1,85,0,85,0,4,0
1,15,0,55,0,4,0
1,75,0,85,0,4,0
1,75,0,65,0,4,0
1,55,0,65,0,4,0
1,95,0,55,0,4,0
1,45,0,35,0,4,0
1,25,0,55,0,4,0
1,75,0,95,0,4,0
1,65,0,5,0,4,0
1,35,0,5,0,4,0
1,35,0,85,0,4,0
1,85,0,45,0,4,0
1,45,0,85,0,4,0
1,75,0,25,0,4,0
1,35,0,75,0,4,0
1,95,0,35,0,4,0
1,55,0,15,0,4,0
1,65,0,15,0,4,0
1,85,0,55,0,4,0
1,15,0,65,0,4,0
1,65,0,95,0,4,0
1,25,0,5,0,5,0
1,85,0,15,0,5,0
1,95,0,45,0,5,0
1,55,0,35,0,5,0
1,55,0,55,0,5,0
1,15,0,25,0,5,0
1,25,0,55,0,5,0
1,75,0,85,0,5,0
1,65,0,65,0,5,0
1,5,0,25,0,5,0
1,45,0,35,0,5,0
1,35,0,55,0,5,0
1,45,0,45,0,5,0
1,75,0,15,0,5,0
1,65,0,5,0,5,0
1,35,0,85,0,5,0
1,35,0,95,0,5,0
1,35,0,15,0,5,0
1,95,0,15,0,5,0
1,95,0,95,0,5,0
1,45,0,5,0,5,0
1,5,0,35,0,5,0
1,25,0,35,0,5,0
1,55,0,75,0,5,0
1,95,0,75,0,5,0
1,85,0,65,0,5,0
1,65,0,25,0,5,0
1,35,0,5,0,5,0
1,35,0,65,0,5,0
1,85,0,25,0,5,0
1,15,0,85,0,5,0
1,45,0,15,0,5,0
1,45,0,85,0,5,0
1,25,0,15,0,5,0
1,45,0,65,0,5,0
1,85,0,35,0,5,0
1,5,0,15,0,5,0
1,75,0,45,0,5,0
1,45,0,25,0,5,0
1,75,0,25,0,5,0
1,35,0,45,0,5,0
1,15,0,45,0,5,0
1,5,0,5,0,5,0
1,15,0,35,0,5,0
1,25,0,85,0,5,0
1,75,0,75,0,5,0
1,75,0,65,0,5,0
1,95,0,5,0,5,0
1,25,0,95,0,5,0
1,45,0,95,0,5,0
1,5,0,95,0,5,0
1,55,0,5,0,5,0
1,5,0,75,0,5,0
1,75,0,5,0,5,0
1,15,0,5,0,5,0
1,55,0,85,0,5,0
1,55,0,65,0,5,0
1,5,0,65,0,5,0
1,35,0,35,0,5,0
1,15,0,15,0,5,0
1,75,0,95,0,5,0
1,65,0,35,0,5,0
1,95,0,25,0,5,0
1,65,0,55,0,5,0
1,85,0,45,0,5,0
1,55,0,95,0,5,0
1,25,0,75,0,5,0
1,35,0,75,0,5,0
1,65,0,45,0,5,0
1,55,0,25,0,5,0
1,35,0,25,0,5,0
1,65,0,15,0,5,0
1,85,0,75,0,5,0
1,25,0,25,0,5,0
1,25,0,45,0,5,0
1,15,0,65,0,5,0
1,5,0,45,0,5,0
1,75,0,55,0,5,0
1,85,0,5,0,5,0
1,65,0,95,0,5,0
1,95,0,85,0,5,0
1,65,0,75,0,5,0
1,15,0,95,0,5,0
1,75,0,35,0,5,0
1,55,0,45,0,5,0
1,15,0,75,0,5,0
1,85,0,85,0,5,0
1,85,0,95,0,5,0
1,25,0,65,0,5,0
1,5,0,85,0,5,0
1,15,0,55,0,5,0
1,95,0,55,0,5,0
1,5,0,55,0,5,0
1,95,0,35,0,5,0
1,65,0,85,0,5,0
1,45,0,55,0,5,0
1,45,0,75,0,5,0
1,55,0,15,0,5,0
1,95,0,65,0,5,0
1,85,0,55,0,5,0
1,95,0,15,0,6,0
1,5,0,65,0,6,0
1,95,0,45,0,6,0
1,35,0,45,0,6,0
1,25,0,55,0,6,0
1,25,0,85,0,6,0
1,15,0,15,0,6,0
1,65,0,65,0,6,0
1,5,0,95,0,6,0
1,15,0,35,0,6,0
1,35,0,5,0,6,0
1,25,0,5,0,6,0
1,75,0,5,0,6,0
1,95,0,25,0,6,0
1,35,0,35,0,6,0
1,75,0,15,0,6,0
1,95,0,5,0,6,0
1,55,0,95,0,6,0
1,45,0,85,0,6,0
1,65,0,55,0,6,0
1,55,0,55,0,6,0
1,15,0,25,0,6,0
1,65,0,45,0,6,0
1,35,0,15,0,6,0
1,25,0,95,0,6,0
1,35,0,55,0,6,0
1,75,0,25,0,6,0
1,85,0,75,0,6,0
1,75,0,85,0,6,0
1,45,0,5,0,6,0
1,5,0,35,0,6,0
1,5,0,85,0,6,0
1,5,0,75,0,6,0
1,95,0,35,0,6,0
1,95,0,95,0,6,0
1,45,0,35,0,6,0
1,45,0,95,0,6,0
1,85,0,65,0,6,0
1,85,0,15,0,6,0
1,55,0,75,0,6,0
1,55,0,15,0,6,0
1,65,0,5,0,6,0
1,55,0,35,0,6,0
1,85,0,55,0,6,0
1,35,0,85,0,6,0
1,5,0,25,0,6,0
1,25,0,75,0,6,0
1,95,0,75,0,6,0
1,45,0,45,0,6,0
1,35,0,25,0,6,0
1,15,0,85,0,6,0
1,15,0,55,0,6,0
1,85,0,25,0,6,0
1,45,0,65,0,6,0
1,75,0,45,0,6,0
1,55,0,65,0,6,0
1,25,0,15,0,6,0
1,75,0,95,0,6,0
1,45,0,25,0,6,0
1,5,0,45,0,6,0
1,15,0,45,0,6,0
1,55,0,85,0,6,0
1,35,0,95,0,6,0
1,65,0,75,0,6,0
1,75,0,75,0,6,0
1,5,0,5,0,6,0
1,25,0,35,0,6,0
1,75,0,65,0,6,0
1,25,0,25,0,6,0
1,55,0,25,0,6,0
1,65,0,35,0,6,0
1,75,0,55,0,6,0
1,85,0,45,0,6,0
1,85,0,5,0,6,0
1,85,0,85,0,6,0
1,35,0,75,0,6,0
1,55,0,5,0,6,0
1,15,0,95,0,6,0
1,65,0,15,0,6,0
1,15,0,5,0,6,0
1,95,0,55,0,6,0
1,55,0,45,0,6,0
1,75,0,35,0,6,0
1,25,0,45,0,6,0
1,85,0,95,0,6,0
1,95,0,85,0,6,0
1,25,0,65,0,6,0
1,65,0,25,0,6,0
1,15,0,75,0,6,0
1,5,0,55,0,6,0
1,35,0,65,0,6,0
1,65,0,85,0,6,0
1,45,0,15,0,6,0
1,45,0,75,0,6,0
1,85,0,35,0,6,0
1,5,0,15,0,6,0
1,15,0,65,0,6,0
1,45,0,55,0,6,0
1,65,0,95,0,6,0
1,95,0,65,0,6,0
1,85,0,15,0,7,0
1,25,0,25,0,7,0
1,25,0,5,0,7,0
1,55,0,35,0,7,0
1,55,0,55,0,7,0
1,75,0,55,0,7,0
1,75,0,85,0,7,0
1,45,0,35,0,7,0
1,85,0,5,0,7,0
1,55,0,5,0,7,0
1,35,0,45,0,7,0
1,65,0,5,0,7,0
1,85,0,65,0,7,0
1,35,0,85,0,7,0
1,15,0,95,0,7,0
1,15,0,5,0,7,0
1,95,0,95,0,7,0
1,85,0,25,0,7,0
1,55,0,75,0,7,0
1,55,0,45,0,7,0
1,5,0,25,0,7,0
1,75,0,35,0,7,0
1,25,0,15,0,7,0
1,65,0,25,0,7,0
1,35,0,65,0,7,0
1,45,0,25,0,7,0
1,85,0,95,0,7,0
1,45,0,45,0,7,0
1,45,0,15,0,7,0
1,15,0,45,0,7,0
1,55,0,25,0,7,0
1,35,0,95,0,7,0
1,75,0,75,0,7,0
1,85,0,35,0,7,0
1,55,0,65,0,7,0
1,25,0,45,0,7,0
1,25,0,35,0,7,0
1,75,0,95,0,7,0
1,5,0,15,0,7,0
1,95,0,85,0,7,0
1,95,0,75,0,7,0
1,85,0,45,0,7,0
1,25,0,55,0,7,0
1,35,0,5,0,7,0
1,35,0,75,0,7,0
1,15,0,85,0,7,0
1,65,0,15,0,7,0
1,45,0,85,0,7,0
1,15,0,65,0,7,0
1,25,0,75,0,7,0
1,45,0,65,0,7,0
1,75,0,25,0,7,0
1,65,0,95,0,7,0
1,95,0,35,0,7,0
1,95,0,15,0,7,0
1,75,0,45,0,7,0
1,35,0,25,0,7,0
1,25,0,85,0,7,0
1,55,0,15,0,7,0
1,5,0,95,0,7,0
1,5,0,45,0,7,0
1,15,0,35,0,7,0
1,75,0,5,0,7,0
1,35,0,35,0,7,0
1,65,0,75,0,7,0
1,95,0,5,0,7,0
1,65,0,55,0,7,0
1,15,0,25,0,7,0
1,85,0,85,0,7,0
1,25,0,95,0,7,0
1,35,0,55,0,7,0
1,45,0,5,0,7,0
1,95,0,55,0,7,0
1,5,0,85,0,7,0
1,5,0,75,0,7,0
1,55,0,85,0,7,0
1,65,0,35,0,7,0
1,5,0,65,0,7,0
1,25,0,65,0,7,0
1,15,0,55,0,7,0
1,5,0,5,0,7,0
1,15,0,15,0,7,0
1,5,0,55,0,7,0
1,75,0,65,0,7,0
1,95,0,25,0,7,0
1,85,0,55,0,7,0
1,65,0,85,0,7,0
1,55,0,95,0,7,0
1,45,0,75,0,7,0
1,15,0,75,0,7,0
1,95,0,45,0,7,0
1,45,0,55,0,7,0
1,65,0,65,0,7,0
1,75,0,15,0,7,0
1,95,0,65,0,7,0
1,65,0,45,0,7,0
1,35,0,15,0,7,0
1,5,0,35,0,7,0
1,85,0,75,0,7,0
1,45,0,95,0,7,0
1,25,0,5,0,8,0
1,85,0,65,0,8,0
1,85,0,15,0,8,0
1,95,0,15,0,8,0
1,55,0,55,0,8,0
1,25,0,85,0,8,0
1,85,0,25,0,8,0
1,95,0,95,0,8,0
1,55,0,75,0,8,0
1,35,0,45,0,8,0
1,5,0,95,0,8,0
1,25,0,15,0,8,0
1,65,0,25,0,8,0
1,35,0,65,0,8,0
1,15,0,35,0,8,0
1,75,0,5,0,8,0
1,45,0,25,0,8,0
1,95,0,5,0,8,0
1,75,0,85,0,8,0
1,35,0,35,0,8,0
1,55,0,35,0,8,0
1,15,0,45,0,8,0
1,25,0,95,0,8,0
1,45,0,35,0,8,0
1,65,0,5,0,8,0
1,65,0,55,0,8,0
1,75,0,75,0,8,0
1,5,0,85,0,8,0
1,35,0,85,0,8,0
1,5,0,25,0,8,0
1,25,0,55,0,8,0
1,15,0,25,0,8,0
1,55,0,65,0,8,0
1,15,0,55,0,8,0
1,35,0,5,0,8,0
1,45,0,45,0,8,0
1,45,0,85,0,8,0
1,35,0,55,0,8,0
1,75,0,95,0,8,0
1,5,0,65,0,8,0
1,75,0,25,0,8,0
1,35,0,95,0,8,0
1,95,0,35,0,8,0
1,85,0,45,0,8,0
1,15,0,15,0,8,0
1,45,0,5,0,8,0
1,55,0,15,0,8,0
1,25,0,35,0,8,0
1,85,0,55,0,8,0
1,25,0,75,0,8,0
1,95,0,25,0,8,0
1,5,0,75,0,8,0
1,35,0,75,0,8,0
1,35,0,25,0,8,0
1,95,0,75,0,8,0
1,65,0,15,0,8,0
1,55,0,95,0,8,0
1,5,0,45,0,8,0
1,15,0,85,0,8,0
1,65,0,45,0,8,0
1,65,0,75,0,8,0
1,15,0,65,0,8,0
1,85,0,85,0,8,0
1,65,0,95,0,8,0
1,85,0,75,0,8,0
1,45,0,65,0,8,0
1,95,0,55,0,8,0
1,55,0,85,0,8,0
1,25,0,25,0,8,0
1,75,0,55,0,8,0
1,65,0,35,0,8,0
1,75,0,45,0,8,0
1,95,0,45,0,8,0
1,85,0,5,0,8,0
1,65,0,65,0,8,0
1,55,0,5,0,8,0
1,5,0,5,0,8,0
1,45,0,15,0,8,0
1,85,0,35,0,8,0
1,75,0,15,0,8,0
1,15,0,5,0,8,0
1,75,0,65,0,8,0
1,5,0,15,0,8,0
1,35,0,15,0,8,0
1,55,0,25,0,8,0
1,75,0,35,0,8,0
1,5,0,35,0,8,0
1,25,0,45,0,8,0
1,45,0,95,0,8,0
1,15,0,95,0,8,0
1,95,0,85,0,8,0
1,25,0,65,0,8,0
1,55,0,45,0,8,0
1,15,0,75,0,8,0
1,85,0,95,0,8,0
1,5,0,55,0,8,0
1,45,0,55,0,8,0
1,65,0,85,0,8,0
1,95,0,65,0,8,0
1,45,0,75,0,8,0
1,55,0,25,0,9,0
1,95,0,15,0,9,0
1,85,0,65,0,9,0
1,55,0,5,0,9,0
1,25,0,45,0,9,0
1,95,0,85,0,9,0
1,25,0,85,0,9,0
1,15,0,75,0,9,0
1,15,0,5,0,9,0
1,85,0,25,0,9,0
1,45,0,55,0,9,0
1,5,0,95,0,9,0
1,95,0,65,0,9,0
1,25,0,15,0,9,0
1,75,0,35,0,9,0
1,75,0,5,0,9,0
1,25,0,55,0,9,0
1,35,0,35,0,9,0
1,45,0,25,0,9,0
1,25,0,65,0,9,0
1,35,0,5,0,9,0
1,65,0,55,0,9,0
1,5,0,55,0,9,0
1,45,0,85,0,9,0
1,15,0,45,0,9,0
1,15,0,25,0,9,0
1,75,0,25,0,9,0
1,35,0,55,0,9,0
1,65,0,85,0,9,0
1,75,0,75,0,9,0
1,95,0,35,0,9,0
1,85,0,15,0,9,0
1,45,0,5,0,9,0
1,55,0,15,0,9,0
1,85,0,55,0,9,0
1,5,0,75,0,9,0
1,45,0,75,0,9,0
1,25,0,75,0,9,0
1,55,0,85,0,9,0
1,55,0,35,0,9,0
1,35,0,25,0,9,0
1,95,0,75,0,9,0
1,65,0,35,0,9,0
1,5,0,45,0,9,0
1,25,0,25,0,9,0
1,65,0,75,0,9,0
1,5,0,25,0,9,0
1,35,0,45,0,9,0
1,25,0,5,0,9,0
1,75,0,55,0,9,0
1,55,0,65,0,9,0
1,55,0,55,0,9,0
1,75,0,85,0,9,0
1,85,0,5,0,9,0
1,75,0,95,0,9,0
1,45,0,35,0,9,0
1,65,0,5,0,9,0
1,15,0,95,0,9,0
1,85,0,45,0,9,0
1,35,0,85,0,9,0
1,55,0,45,0,9,0
1,95,0,95,0,9,0
1,35,0,75,0,9,0
1,55,0,75,0,9,0
1,65,0,25,0,9,0
1,85,0,95,0,9,0
1,65,0,15,0,9,0
1,35,0,65,0,9,0
1,45,0,15,0,9,0
1,5,0,65,0,9,0
1,15,0,65,0,9,0
1,85,0,35,0,9,0
1,95,0,45,0,9,0
1,5,0,15,0,9,0
1,65,0,95,0,9,0
1,15,0,15,0,9,0
1,85,0,85,0,9,0
1,65,0,65,0,9,0
1,95,0,25,0,9,0
1,95,0,55,0,9,0
1,55,0,95,0,9,0
1,75,0,15,0,9,0
1,45,0,45,0,9,0
1,65,0,45,0,9,0
1,35,0,15,0,9,0
1,5,0,35,0,9,0
1,85,0,75,0,9,0
1,45,0,95,0,9,0
1,35,0,95,0,9,0
1,15,0,85,0,9,0
1,15,0,35,0,9,0
1,25,0,35,0,9,0
1,45,0,65,0,9,0
1,95,0,5,0,9,0
1,25,0,95,0,9,0
1,75,0,45,0,9,0
1,5,0,85,0,9,0
1,5,0,5,0,9,0
1,15,0,55,0,9,0
1,75,0,65,0,9,0
1,35,0,45,0,10,0
1,85,0,15,0,10,0
1,25,0,55,0,10,0
1,35,0,5,0,10,0
1,95,0,45,0,10,0
1,55,0,35,0,10,0
1,15,0,35,0,10,0
1,45,0,85,0,10,0
1,75,0,25,0,10,0
1,5,0,25,0,10,0
1,65,0,65,0,10,0
1,95,0,35,0,10,0
1,95,0,5,0,10,0
1,55,0,15,0,10,0
1,45,0,45,0,10,0
1,85,0,55,0,10,0
1,75,0,15,0,10,0
1,25,0,95,0,10,0
1,25,0,75,0,10,0
1,35,0,15,0,10,0
1,5,0,85,0,10,0
1,35,0,25,0,10,0
1,5,0,65,0,10,0
1,25,0,5,0,10,0
1,5,0,45,0,10,0
1,5,0,35,0,10,0
1,15,0,55,0,10,0
1,15,0,15,0,10,0
1,65,0,75,0,10,0
1,55,0,55,0,10,0
1,95,0,25,0,10,0
1,85,0,85,0,10,0
1,55,0,95,0,10,0
1,45,0,95,0,10,0
1,95,0,95,0,10,0
1,75,0,85,0,10,0
1,95,0,55,0,10,0
1,65,0,45,0,10,0
1,55,0,5,0,10,0
1,55,0,75,0,10,0
1,95,0,75,0,10,0
1,85,0,75,0,10,0
1,45,0,35,0,10,0
1,55,0,25,0,10,0
1,15,0,85,0,10,0
1,65,0,25,0,10,0
1,15,0,5,0,10,0
1,65,0,5,0,10,0
1,25,0,45,0,10,0
1,25,0,25,0,10,0
1,95,0,85,0,10,0
1,35,0,85,0,10,0
1,35,0,65,0,10,0
1,75,0,55,0,10,0
1,15,0,75,0,10,0
1,75,0,35,0,10,0
1,45,0,55,0,10,0
1,85,0,5,0,10,0
1,45,0,15,0,10,0
1,95,0,65,0,10,0
1,95,0,15,0,10,0
1,25,0,65,0,10,0
1,15,0,25,0,10,0
1,15,0,95,0,10,0
1,85,0,35,0,10,0
1,35,0,55,0,10,0
1,25,0,85,0,10,0
1,55,0,45,0,10,0
1,45,0,5,0,10,0
1,5,0,15,0,10,0
1,85,0,95,0,10,0
1,5,0,75,0,10,0
1,5,0,95,0,10,0
1,85,0,65,0,10,0
1,55,0,85,0,10,0
1,85,0,25,0,10,0
1,65,0,35,0,10,0
1,55,0,65,0,10,0
1,75,0,5,0,10,0
1,25,0,15,0,10,0
1,45,0,25,0,10,0
1,75,0,95,0,10,0
1,15,0,45,0,10,0
1,35,0,95,0,10,0
1,75,0,75,0,10,0
1,85,0,45,0,10,0
1,45,0,65,0,10,0
1,25,0,35,0,10,0
1,75,0,45,0,10,0
1,5,0,5,0,10,0
1,35,0,75,0,10,0
1,75,0,65,0,10,0
1,35,0,35,0,10,0
1,65,0,15,0,10,0
1,65,0,55,0,10,0
1,15,0,65,0,10,0
1,5,0,55,0,10,0
1,65,0,95,0,10,0
1,65,0,85,0,10,0
1,45,0,75,0,10,0
1,25,0,55,0,11,0
1,85,0,15,0,11,0
1,95,0,45,0,11,0
1,35,0,5,0,11,0
1,55,0,35,0,11,0
1,45,0,85,0,11,0
1,65,0,65,0,11,0
1,5,0,25,0,11,0
1,75,0,25,0,11,0
1,95,0,35,0,11,0
1,45,0,45,0,11,0
1,55,0,15,0,11,0
1,75,0,15,0,11,0
1,35,0,95,0,11,0
1,85,0,55,0,11,0
1,25,0,75,0,11,0
1,35,0,15,0,11,0
1,25,0,35,0,11,0
1,35,0,25,0,11,0
1,5,0,45,0,11,0
1,95,0,75,0,11,0
1,25,0,25,0,11,0
1,5,0,35,0,11,0
1,25,0,5,0,11,0
1,15,0,85,0,11,0
1,55,0,55,0,11,0
1,75,0,55,0,11,0
1,45,0,65,0,11,0
1,75,0,85,0,11,0
1,85,0,65,0,11,0
1,75,0,45,0,11,0
1,45,0,35,0,11,0
1,85,0,5,0,11,0
1,65,0,5,0,11,0
1,5,0,5,0,11,0
1,85,0,25,0,11,0
1,35,0,85,0,11,0
1,75,0,65,0,11,0
1,95,0,95,0,11,0
1,25,0,15,0,11,0
1,35,0,45,0,11,0
1,55,0,75,0,11,0
1,5,0,65,0,11,0
1,15,0,35,0,11,0
1,65,0,25,0,11,0
1,45,0,25,0,11,0
1,15,0,15,0,11,0
1,35,0,65,0,11,0
1,95,0,5,0,11,0
1,45,0,15,0,11,0
1,95,0,25,0,11,0
1,15,0,45,0,11,0
1,25,0,95,0,11,0
1,85,0,35,0,11,0
1,55,0,95,0,11,0
1,5,0,15,0,11,0
1,5,0,85,0,11,0
1,75,0,75,0,11,0
1,55,0,25,0,11,0
1,15,0,55,0,11,0
1,25,0,45,0,11,0
1,15,0,95,0,11,0
1,55,0,5,0,11,0
1,95,0,85,0,11,0
1,95,0,15,0,11,0
1,15,0,5,0,11,0
1,15,0,75,0,11,0
1,55,0,45,0,11,0
1,65,0,45,0,11,0
1,45,0,55,0,11,0
1,95,0,65,0,11,0
1,75,0,35,0,11,0
1,85,0,95,0,11,0
1,15,0,25,0,11,0
1,45,0,95,0,11,0
1,25,0,65,0,11,0
1,35,0,55,0,11,0
1,45,0,5,0,11,0
1,85,0,75,0,11,0
1,5,0,55,0,11,0
1,55,0,65,0,11,0
1,65,0,75,0,11,0
1,65,0,85,0,11,0
1,85,0,85,0,11,0
1,75,0,95,0,11,0
1,95,0,55,0,11,0
1,45,0,75,0,11,0
1,5,0,75,0,11,0
1,85,0,45,0,11,0
1,25,0,85,0,11,0
1,55,0,85,0,11,0
1,5,0,95,0,11,0
1,35,0,75,0,11,0
1,75,0,5,0,11,0
1,65,0,35,0,11,0
1,35,0,35,0,11,0
1,65,0,15,0,11,0
1,65,0,55,0,11,0
1,15,0,65,0,11,0
1,65,0,95,0,11,0
1,5,0,65,0,12,0
1,95,0,95,0,12,0
1,55,0,75,0,12,0
1,15,0,15,0,12,0
1,95,0,45,0,12,0
1,85,0,65,0,12,0
1,65,0,25,0,12,0
1,95,0,25,0,12,0
1,65,0,65,0,12,0
1,35,0,65,0,12,0
1,85,0,25,0,12,0
1,45,0,15,0,12,0
1,55,0,95,0,12,0
1,75,0,15,0,12,0
1,85,0,35,0,12,0
1,35,0,15,0,12,0
1,65,0,45,0,12,0
1,5,0,15,0,12,0
1,25,0,15,0,12,0
1,5,0,35,0,12,0
1,85,0,75,0,12,0
1,25,0,25,0,12,0
1,75,0,55,0,12,0
1,45,0,25,0,12,0
1,45,0,95,0,12,0
1,95,0,15,0,12,0
1,85,0,5,0,12,0
1,15,0,95,0,12,0
1,55,0,5,0,12,0
1,25,0,85,0,12,0
1,15,0,45,0,12,0
1,55,0,45,0,12,0
1,15,0,5,0,12,0
1,5,0,95,0,12,0
1,85,0,95,0,12,0
1,75,0,75,0,12,0
1,55,0,25,0,12,0
1,75,0,5,0,12,0
1,75,0,35,0,12,0
1,25,0,45,0,12,0
1,35,0,35,0,12,0
1,25,0,65,0,12,0
1,95,0,85,0,12,0
1,55,0,65,0,12,0
1,15,0,75,0,12,0
1,65,0,55,0,12,0
1,5,0,55,0,12,0
1,45,0,55,0,12,0
1,75,0,95,0,12,0
1,95,0,65,0,12,0
1,15,0,25,0,12,0
1,65,0,85,0,12,0
1,35,0,55,0,12,0
1,45,0,75,0,12,0
1,85,0,45,0,12,0
1,35,0,45,0,12,0
1,45,0,5,0,12,0
1,35,0,75,0,12,0
1,15,0,35,0,12,0
1,5,0,75,0,12,0
1,95,0,5,0,12,0
1,25,0,95,0,12,0
1,65,0,15,0,12,0
1,55,0,85,0,12,0
1,85,0,15,0,12,0
1,15,0,65,0,12,0
1,55,0,35,0,12,0
1,65,0,35,0,12,0
1,5,0,25,0,12,0
1,65,0,95,0,12,0
1,45,0,45,0,12,0
1,25,0,55,0,12,0
1,35,0,95,0,12,0
1,35,0,5,0,12,0
1,95,0,75,0,12,0
1,25,0,35,0,12,0
1,45,0,85,0,12,0
1,5,0,85,0,12,0
1,15,0,85,0,12,0
1,15,0,55,0,12,0
1,75,0,25,0,12,0
1,25,0,5,0,12,0
1,95,0,35,0,12,0
1,55,0,15,0,12,0
1,55,0,55,0,12,0
1,85,0,55,0,12,0
1,75,0,85,0,12,0
1,25,0,75,0,12,0
1,45,0,35,0,12,0
1,35,0,25,0,12,0
1,5,0,45,0,12,0
1,65,0,5,0,12,0
1,45,0,65,0,12,0
1,35,0,85,0,12,0
1,65,0,75,0,12,0
1,75,0,45,0,12,0
1,85,0,85,0,12,0
1,95,0,55,0,12,0
1,5,0,5,0,12,0
1,75,0,65,0,12,0
1,85,0,15,0,13,0
1,25,0,25,0,13,0
1,55,0,5,0,13,0
1,85,0,65,0,13,0
1,55,0,25,0,13,0
1,85,0,25,0,13,0
1,15,0,5,0,13,0
1,55,0,35,0,13,0
1,25,0,15,0,13,0
1,25,0,45,0,13,0
1,75,0,35,0,13,0
1,95,0,45,0,13,0
1,25,0,5,0,13,0
1,95,0,85,0,13,0
1,45,0,25,0,13,0
1,5,0,25,0,13,0
1,55,0,55,0,13,0
1,15,0,75,0,13,0
1,15,0,45,0,13,0
1,75,0,85,0,13,0
1,65,0,65,0,13,0
1,75,0,75,0,13,0
1,45,0,45,0,13,0
1,45,0,35,0,13,0
1,95,0,15,0,13,0
1,35,0,95,0,13,0
1,75,0,15,0,13,0
1,65,0,5,0,13,0
1,25,0,85,0,13,0
1,35,0,85,0,13,0
1,25,0,35,0,13,0
1,35,0,15,0,13,0
1,5,0,95,0,13,0
1,75,0,55,0,13,0
1,95,0,95,0,13,0
1,75,0,5,0,13,0
1,85,0,5,0,13,0
1,95,0,75,0,13,0
1,5,0,35,0,13,0
1,55,0,75,0,13,0
1,35,0,35,0,13,0
1,15,0,95,0,13,0
1,65,0,25,0,13,0
1,15,0,85,0,13,0
1,45,0,95,0,13,0
1,55,0,45,0,13,0
1,35,0,65,0,13,0
1,55,0,65,0,13,0
1,45,0,55,0,13,0
1,45,0,65,0,13,0
1,35,0,45,0,13,0
1,45,0,15,0,13,0
1,85,0,95,0,13,0
1,75,0,45,0,13,0
1,85,0,35,0,13,0
1,5,0,65,0,13,0
1,65,0,55,0,13,0
1,15,0,35,0,13,0
1,5,0,15,0,13,0
1,75,0,95,0,13,0
1,15,0,25,0,13,0
1,15,0,15,0,13,0
1,95,0,5,0,13,0
1,95,0,65,0,13,0
1,35,0,55,0,13,0
1,25,0,55,0,13,0
1,85,0,45,0,13,0
1,5,0,5,0,13,0
1,25,0,75,0,13,0
1,45,0,5,0,13,0
1,35,0,5,0,13,0
1,25,0,95,0,13,0
1,5,0,75,0,13,0
1,35,0,25,0,13,0
1,45,0,85,0,13,0
1,35,0,75,0,13,0
1,75,0,65,0,13,0
1,55,0,85,0,13,0
1,5,0,45,0,13,0
1,5,0,85,0,13,0
1,75,0,25,0,13,0
1,65,0,15,0,13,0
1,65,0,75,0,13,0
1,65,0,35,0,13,0
1,95,0,35,0,13,0
1,15,0,55,0,13,0
1,85,0,85,0,13,0
1,55,0,15,0,13,0
1,15,0,65,0,13,0
1,95,0,25,0,13,0
1,95,0,55,0,13,0
1,85,0,55,0,13,0
1,65,0,95,0,13,0
1,55,0,95,0,13,0
1,25,0,65,0,13,0
1,5,0,55,0,13,0
1,65,0,45,0,13,0
1,65,0,85,0,13,0
1,45,0,75,0,13,0
1,85,0,75,0,13,0
1,95,0,45,0,14,0
1,25,0,25,0,14,0
1,55,0,5,0,14,0
1,85,0,15,0,14,0
1,65,0,65,0,14,0
1,25,0,5,0,14,0
1,85,0,65,0,14,0
1,55,0,35,0,14,0
1,15,0,5,0,14,0
1,35,0,45,0,14,0
1,75,0,55,0,14,0
1,85,0,25,0,14,0
1,55,0,55,0,14,0
1,25,0,15,0,14,0
1,15,0,35,0,14,0
1,75,0,35,0,14,0
1,95,0,5,0,14,0
1,75,0,85,0,14,0
1,75,0,15,0,14,0
1,25,0,65,0,14,0
1,25,0,95,0,14,0
1,35,0,15,0,14,0
1,45,0,35,0,14,0
1,5,0,85,0,14,0
1,5,0,55,0,14,0
1,5,0,35,0,14,0
1,15,0,55,0,14,0
1,65,0,5,0,14,0
1,45,0,95,0,14,0
1,65,0,85,0,14,0
1,5,0,65,0,14,0
1,95,0,95,0,14,0
1,35,0,85,0,14,0
1,15,0,15,0,14,0
1,45,0,75,0,14,0
1,55,0,75,0,14,0
1,95,0,25,0,14,0
1,15,0,25,0,14,0
1,65,0,25,0,14,0
1,55,0,65,0,14,0
1,55,0,95,0,14,0
1,35,0,65,0,14,0
1,35,0,55,0,14,0
1,65,0,45,0,14,0
1,75,0,95,0,14,0
1,45,0,15,0,14,0
1,85,0,75,0,14,0
1,85,0,35,0,14,0
1,45,0,5,0,14,0
1,85,0,45,0,14,0
1,45,0,25,0,14,0
1,25,0,55,0,14,0
1,35,0,75,0,14,0
1,5,0,75,0,14,0
1,15,0,45,0,14,0
1,35,0,5,0,14,0
1,75,0,75,0,14,0
1,45,0,85,0,14,0
1,55,0,85,0,14,0
1,65,0,15,0,14,0
1,95,0,75,0,14,0
1,65,0,35,0,14,0
1,15,0,65,0,14,0
1,15,0,85,0,14,0
1,45,0,65,0,14,0
1,65,0,95,0,14,0
1,25,0,75,0,14,0
1,75,0,45,0,14,0
1,85,0,5,0,14,0
1,5,0,5,0,14,0
1,5,0,25,0,14,0
1,55,0,25,0,14,0
1,35,0,25,0,14,0
1,75,0,65,0,14,0
1,45,0,45,0,14,0
1,25,0,45,0,14,0
1,5,0,45,0,14,0
1,35,0,95,0,14,0
1,5,0,15,0,14,0
1,15,0,95,0,14,0
1,95,0,15,0,14,0
1,25,0,35,0,14,0
1,95,0,85,0,14,0
1,55,0,45,0,14,0
1,75,0,25,0,14,0
1,25,0,85,0,14,0
1,95,0,35,0,14,0
1,15,0,75,0,14,0
1,5,0,95,0,14,0
1,55,0,15,0,14,0
1,85,0,95,0,14,0
1,45,0,55,0,14,0
1,85,0,55,0,14,0
1,75,0,5,0,14,0
1,95,0,65,0,14,0
1,65,0,75,0,14,0
1,35,0,35,0,14,0
1,85,0,85,0,14,0
1,95,0,55,0,14,0
1,65,0,55,0,14,0
1,95,0,45,0,15,0
1,35,0,45,0,15,0
1,25,0,25,0,15,0
1,25,0,5,0,15,0
1,15,0,35,0,15,0
1,65,0,65,0,15,0
1,55,0,55,0,15,0
1,75,0,15,0,15,0
1,35,0,15,0,15,0
1,75,0,55,0,15,0
1,95,0,95,0,15,0
1,5,0,35,0,15,0
1,55,0,25,0,15,0
1,85,0,5,0,15,0
1,55,0,75,0,15,0
1,25,0,45,0,15,0
1,45,0,95,0,15,0
1,85,0,65,0,15,0
1,95,0,5,0,15,0
1,65,0,25,0,15,0
1,95,0,85,0,15,0
1,15,0,95,0,15,0
1,85,0,25,0,15,0
1,35,0,65,0,15,0
1,25,0,15,0,15,0
1,15,0,75,0,15,0
1,45,0,25,0,15,0
1,25,0,95,0,15,0
1,15,0,45,0,15,0
1,45,0,55,0,15,0
1,55,0,45,0,15,0
1,5,0,85,0,15,0
1,75,0,75,0,15,0
1,15,0,55,0,15,0
1,55,0,65,0,15,0
1,95,0,65,0,15,0
1,75,0,95,0,15,0
1,5,0,65,0,15,0
1,55,0,5,0,15,0
1,15,0,15,0,15,0
1,95,0,15,0,15,0
1,85,0,95,0,15,0
1,15,0,5,0,15,0
1,95,0,25,0,15,0
1,75,0,35,0,15,0
1,55,0,95,0,15,0
1,25,0,85,0,15,0
1,25,0,55,0,15,0
1,25,0,65,0,15,0
1,65,0,45,0,15,0
1,85,0,15,0,15,0
1,5,0,55,0,15,0
1,85,0,75,0,15,0
1,35,0,5,0,15,0
1,75,0,85,0,15,0
1,65,0,85,0,15,0
1,15,0,25,0,15,0
1,55,0,35,0,15,0
1,35,0,55,0,15,0
1,45,0,75,0,15,0
1,45,0,35,0,15,0
1,5,0,25,0,15,0
1,95,0,75,0,15,0
1,45,0,85,0,15,0
1,15,0,85,0,15,0
1,45,0,45,0,15,0
1,65,0,5,0,15,0
1,45,0,65,0,15,0
1,35,0,95,0,15,0
1,35,0,85,0,15,0
1,75,0,45,0,15,0
1,25,0,35,0,15,0
1,45,0,5,0,15,0
1,45,0,15,0,15,0
1,5,0,5,0,15,0
1,25,0,75,0,15,0
1,75,0,65,0,15,0
1,85,0,35,0,15,0
1,85,0,45,0,15,0
1,5,0,75,0,15,0
1,75,0,25,0,15,0
1,35,0,75,0,15,0
1,5,0,15,0,15,0
1,55,0,85,0,15,0
1,5,0,95,0,15,0
1,65,0,15,0,15,0
1,15,0,65,0,15,0
1,65,0,35,0,15,0
1,65,0,95,0,15,0
1,35,0,25,0,15,0
1,95,0,35,0,15,0
1,5,0,45,0,15,0
1,55,0,15,0,15,0
1,65,0,75,0,15,0
1,75,0,5,0,15,0
1,85,0,55,0,15,0
1,85,0,85,0,15,0
1,95,0,55,0,15,0
1,35,0,35,0,15,0
1,65,0,55,0,15,0
1,85,0,15,0,16,0
1,95,0,45,0,16,0
1,95,0,15,0,16,0
1,55,0,35,0,16,0
1,35,0,45,0,16,0
1,85,0,65,0,16,0
1,65,0,65,0,16,0
1,25,0,5,0,16,0
1,55,0,55,0,16,0
1,15,0,35,0,16,0
1,85,0,25,0,16,0
1,75,0,85,0,16,0
1,75,0,15,0,16,0
1,45,0,35,0,16,0
1,95,0,5,0,16,0
1,25,0,15,0,16,0
1,65,0,5,0,16,0
1,35,0,15,0,16,0
1,35,0,85,0,16,0
1,25,0,95,0,16,0
1,5,0,35,0,16,0
1,95,0,95,0,16,0
1,55,0,75,0,16,0
1,5,0,85,0,16,0
1,65,0,25,0,16,0
1,45,0,95,0,16,0
1,35,0,65,0,16,0
1,15,0,55,0,16,0
1,55,0,5,0,16,0
1,45,0,15,0,16,0
1,5,0,65,0,16,0
1,45,0,25,0,16,0
1,15,0,5,0,16,0
1,15,0,15,0,16,0
1,15,0,45,0,16,0
1,5,0,25,0,16,0
1,95,0,25,0,16,0
1,75,0,35,0,16,0
1,75,0,75,0,16,0
1,45,0,45,0,16,0
1,25,0,85,0,16,0
1,55,0,95,0,16,0
1,25,0,65,0,16,0
1,35,0,95,0,16,0
1,55,0,65,0,16,0
1,25,0,35,0,16,0
1,25,0,55,0,16,0
1,5,0,55,0,16,0
1,5,0,95,0,16,0
1,95,0,75,0,16,0
1,75,0,95,0,16,0
1,65,0,85,0,16,0
1,35,0,5,0,16,0
1,75,0,5,0,16,0
1,15,0,85,0,16,0
1,45,0,75,0,16,0
1,45,0,65,0,16,0
1,45,0,85,0,16,0
1,85,0,45,0,16,0
1,35,0,35,0,16,0
1,75,0,45,0,16,0
1,75,0,25,0,16,0
1,5,0,5,0,16,0
1,35,0,75,0,16,0
1,65,0,55,0,16,0
1,75,0,65,0,16,0
1,95,0,35,0,16,0
1,25,0,25,0,16,0
1,65,0,15,0,16,0
1,55,0,25,0,16,0
1,55,0,15,0,16,0
1,25,0,45,0,16,0
1,15,0,65,0,16,0
1,75,0,55,0,16,0
1,15,0,25,0,16,0
1,95,0,85,0,16,0
1,85,0,55,0,16,0
1,15,0,75,0,16,0
1,65,0,95,0,16,0
1,85,0,5,0,16,0
1,35,0,55,0,16,0
1,85,0,35,0,16,0
1,25,0,75,0,16,0
1,5,0,15,0,16,0
1,65,0,45,0,16,0
1,45,0,55,0,16,0
1,35,0,25,0,16,0
1,15,0,95,0,16,0
1,85,0,75,0,16,0
1,95,0,65,0,16,0
1,5,0,45,0,16,0
1,55,0,45,0,16,0
1,85,0,95,0,16,0
1,65,0,75,0,16,0
1,85,0,85,0,16,0
1,45,0,5,0,16,0
1,95,0,55,0,16,0
1,5,0,75,0,16,0
1,55,0,85,0,16,0
1,65,0,35,0,16,0
1,25,0,5,0,17,0
1,25,0,55,0,17,0
1,95,0,45,0,17,0
1,95,0,15,0,17,0
1,55,0,55,0,17,0
1,75,0,85,0,17,0
1,65,0,65,0,17,0
1,35,0,5,0,17,0
1,45,0,35,0,17,0
1,25,0,85,0,17,0
1,65,0,5,0,17,0
1,35,0,85,0,17,0
1,75,0,15,0,17,0
1,45,0,85,0,17,0
1,95,0,95,0,17,0
1,5,0,95,0,17,0
1,35,0,15,0,17,0
1,55,0,75,0,17,0
1,75,0,25,0,17,0
1,75,0,5,0,17,0
1,65,0,25,0,17,0
1,15,0,25,0,17,0
1,5,0,35,0,17,0
1,95,0,35,0,17,0
1,35,0,65,0,17,0
1,45,0,15,0,17,0
1,35,0,55,0,17,0
1,45,0,95,0,17,0
1,55,0,15,0,17,0
1,85,0,35,0,17,0
1,5,0,15,0,17,0
1,45,0,5,0,17,0
1,85,0,55,0,17,0
1,35,0,45,0,17,0
1,55,0,5,0,17,0
1,35,0,35,0,17,0
1,15,0,35,0,17,0
1,5,0,75,0,17,0
1,95,0,5,0,17,0
1,15,0,5,0,17,0
1,25,0,75,0,17,0
1,65,0,55,0,17,0
1,25,0,95,0,17,0
1,55,0,85,0,17,0
1,5,0,85,0,17,0
1,75,0,35,0,17,0
1,35,0,25,0,17,0
1,15,0,55,0,17,0
1,95,0,75,0,17,0
1,65,0,35,0,17,0
1,5,0,65,0,17,0
1,25,0,65,0,17,0
1,15,0,15,0,17,0
1,5,0,45,0,17,0
1,15,0,85,0,17,0
1,95,0,25,0,17,0
1,25,0,25,0,17,0
1,5,0,55,0,17,0
1,55,0,95,0,17,0
1,65,0,75,0,17,0
1,65,0,45,0,17,0
1,45,0,65,0,17,0
1,75,0,55,0,17,0
1,85,0,75,0,17,0
1,85,0,85,0,17,0
1,65,0,85,0,17,0
1,55,0,25,0,17,0
1,75,0,45,0,17,0
1,85,0,5,0,17,0
1,25,0,45,0,17,0
1,45,0,75,0,17,0
1,95,0,55,0,17,0
1,95,0,85,0,17,0
1,15,0,75,0,17,0
1,15,0,95,0,17,0
1,5,0,5,0,17,0
1,45,0,55,0,17,0
1,85,0,15,0,17,0
1,95,0,65,0,17,0
1,55,0,45,0,17,0
1,75,0,65,0,17,0
1,55,0,35,0,17,0
1,55,0,65,0,17,0
1,85,0,65,0,17,0
1,85,0,95,0,17,0
1,75,0,95,0,17,0
1,5,0,25,0,17,0
1,85,0,45,0,17,0
1,85,0,25,0,17,0
1,35,0,75,0,17,0
1,45,0,45,0,17,0
1,25,0,15,0,17,0
1,65,0,15,0,17,0
1,35,0,95,0,17,0
1,45,0,25,0,17,0
1,15,0,65,0,17,0
1,25,0,35,0,17,0
1,65,0,95,0,17,0
1,15,0,45,0,17,0
1,75,0,75,0,17,0
1,25,0,5,0,18,0
1,95,0,75,0,18,0
1,85,0,65,0,18,0
1,55,0,55,0,18,0
1,85,0,25,0,18,0
1,15,0,85,0,18,0
1,85,0,15,0,18,0
1,25,0,15,0,18,0
1,75,0,85,0,18,0
1,55,0,35,0,18,0
1,45,0,25,0,18,0
1,5,0,25,0,18,0
1,45,0,35,0,18,0
1,15,0,45,0,18,0
1,45,0,45,0,18,0
1,65,0,5,0,18,0
1,75,0,75,0,18,0
1,35,0,95,0,18,0
1,35,0,85,0,18,0
1,55,0,65,0,18,0
1,25,0,35,0,18,0
1,95,0,95,0,18,0
1,95,0,45,0,18,0
1,55,0,75,0,18,0
1,65,0,65,0,18,0
1,95,0,15,0,18,0
1,65,0,25,0,18,0
1,45,0,65,0,18,0
1,25,0,85,0,18,0
1,35,0,65,0,18,0
1,75,0,45,0,18,0
1,35,0,45,0,18,0
1,45,0,15,0,18,0
1,15,0,35,0,18,0
1,5,0,5,0,18,0
1,95,0,5,0,18,0
1,85,0,35,0,18,0
1,25,0,95,0,18,0
1,75,0,95,0,18,0
1,5,0,85,0,18,0
1,75,0,65,0,18,0
1,5,0,15,0,18,0
1,15,0,55,0,18,0
1,5,0,65,0,18,0
1,5,0,95,0,18,0
1,55,0,5,0,18,0
1,15,0,15,0,18,0
1,25,0,25,0,18,0
1,95,0,25,0,18,0
1,75,0,5,0,18,0
1,15,0,5,0,18,0
1,75,0,55,0,18,0
1,55,0,95,0,18,0
1,65,0,45,0,18,0
1,35,0,35,0,18,0
1,85,0,5,0,18,0
1,25,0,55,0,18,0
1,85,0,75,0,18,0
1,35,0,5,0,18,0
1,25,0,75,0,18,0
1,65,0,55,0,18,0
1,15,0,95,0,18,0
1,35,0,25,0,18,0
1,45,0,85,0,18,0
1,55,0,45,0,18,0
1,15,0,25,0,18,0
1,5,0,45,0,18,0
1,75,0,25,0,18,0
1,65,0,75,0,18,0
1,35,0,55,0,18,0
1,85,0,85,0,18,0
1,85,0,95,0,18,0
1,95,0,35,0,18,0
1,75,0,15,0,18,0
1,75,0,35,0,18,0
1,95,0,55,0,18,0
1,35,0,15,0,18,0
1,25,0,65,0,18,0
1,5,0,35,0,18,0
1,55,0,25,0,18,0
1,5,0,55,0,18,0
1,25,0,45,0,18,0
1,45,0,95,0,18,0
1,65,0,85,0,18,0
1,95,0,85,0,18,0
1,45,0,75,0,18,0
1,55,0,15,0,18,0
1,15,0,75,0,18,0
1,45,0,5,0,18,0
1,85,0,55,0,18,0
1,85,0,45,0,18,0
1,35,0,75,0,18,0
1,5,0,75,0,18,0
1,65,0,15,0,18,0
1,55,0,85,0,18,0
1,65,0,35,0,18,0
1,15,0,65,0,18,0
1,65,0,95,0,18,0
1,45,0,55,0,18,0
1,95,0,65,0,18,0
1,25,0,25,0,19,0
1,85,0,15,0,19,0
1,75,0,55,0,19,0
1,55,0,25,0,19,0
1,85,0,5,0,19,0
1,55,0,35,0,19,0
1,15,0,95,0,19,0
1,25,0,45,0,19,0
1,55,0,45,0,19,0
1,25,0,55,0,19,0
1,5,0,25,0,19,0
1,85,0,95,0,19,0
1,95,0,85,0,19,0
1,55,0,5,0,19,0
1,25,0,75,0,19,0
1,45,0,45,0,19,0
1,35,0,25,0,19,0
1,15,0,75,0,19,0
1,5,0,45,0,19,0
1,15,0,5,0,19,0
1,35,0,95,0,19,0
1,65,0,75,0,19,0
1,85,0,85,0,19,0
1,95,0,55,0,19,0
1,75,0,35,0,19,0
1,25,0,35,0,19,0
1,35,0,45,0,19,0
1,15,0,35,0,19,0
1,95,0,5,0,19,0
1,35,0,5,0,19,0
1,95,0,75,0,19,0
1,85,0,65,0,19,0
1,25,0,95,0,19,0
1,95,0,45,0,19,0
1,5,0,85,0,19,0
1,15,0,55,0,19,0
1,5,0,65,0,19,0
1,65,0,65,0,19,0
1,15,0,15,0,19,0
1,95,0,25,0,19,0
1,55,0,95,0,19,0
1,25,0,65,0,19,0
1,75,0,15,0,19,0
1,65,0,45,0,19,0
1,85,0,75,0,19,0
1,35,0,15,0,19,0
1,95,0,95,0,19,0
1,55,0,75,0,19,0
1,45,0,85,0,19,0
1,65,0,25,0,19,0
1,5,0,35,0,19,0
1,35,0,65,0,19,0
1,45,0,15,0,19,0
1,75,0,25,0,19,0
1,85,0,35,0,19,0
1,5,0,15,0,19,0
1,45,0,95,0,19,0
1,95,0,35,0,19,0
1,95,0,15,0,19,0
1,15,0,25,0,19,0
1,25,0,85,0,19,0
1,5,0,55,0,19,0
1,5,0,95,0,19,0
1,35,0,55,0,19,0
1,15,0,85,0,19,0
1,75,0,5,0,19,0
1,45,0,55,0,19,0
1,45,0,5,0,19,0
1,35,0,35,0,19,0
1,65,0,85,0,19,0
1,65,0,55,0,19,0
1,45,0,65,0,19,0
1,55,0,65,0,19,0
1,75,0,95,0,19,0
1,45,0,75,0,19,0
1,95,0,65,0,19,0
1,25,0,5,0,19,0
1,85,0,45,0,19,0
1,85,0,25,0,19,0
1,75,0,45,0,19,0
1,35,0,75,0,19,0
1,5,0,75,0,19,0
1,65,0,15,0,19,0
1,55,0,55,0,19,0
1,15,0,65,0,19,0
1,5,0,5,0,19,0
1,65,0,95,0,19,0
1,75,0,85,0,19,0
1,75,0,65,0,19,0
1,55,0,85,0,19,0
1,45,0,35,0,19,0
1,65,0,5,0,19,0
1,55,0,15,0,19,0
1,65,0,35,0,19,0
1,85,0,55,0,19,0
1,25,0,15,0,19,0
1,35,0,85,0,19,0
1,45,0,25,0,19,0
1,15,0,45,0,19,0
1,75,0,75,0,19,0
1,25,0,55,0,20,0
1,85,0,65,0,20,0
1,25,0,5,0,20,0
1,85,0,15,0,20,0
1,85,0,25,0,20,0
1,55,0,55,0,20,0
1,25,0,15,0,20,0
1,35,0,5,0,20,0
1,55,0,35,0,20,0
1,75,0,85,0,20,0
1,45,0,25,0,20,0
1,15,0,45,0,20,0
1,45,0,35,0,20,0
1,75,0,75,0,20,0
1,5,0,25,0,20,0
1,45,0,85,0,20,0
1,65,0,5,0,20,0
1,55,0,65,0,20,0
1,35,0,85,0,20,0
1,45,0,45,0,20,0
1,75,0,95,0,20,0
1,85,0,45,0,20,0
1,95,0,95,0,20,0
1,35,0,95,0,20,0
1,25,0,25,0,20,0
1,35,0,75,0,20,0
1,55,0,75,0,20,0
1,65,0,15,0,20,0
1,65,0,25,0,20,0
1,15,0,65,0,20,0
1,75,0,25,0,20,0
1,75,0,55,0,20,0
1,35,0,65,0,20,0
1,65,0,95,0,20,0
1,45,0,15,0,20,0
1,95,0,15,0,20,0
1,85,0,5,0,20,0
1,85,0,35,0,20,0
1,95,0,35,0,20,0
1,25,0,85,0,20,0
1,95,0,45,0,20,0
1,5,0,95,0,20,0
1,5,0,15,0,20,0
1,15,0,95,0,20,0
1,75,0,5,0,20,0
1,55,0,15,0,20,0
1,35,0,45,0,20,0
1,35,0,35,0,20,0
1,55,0,45,0,20,0
1,65,0,55,0,20,0
1,15,0,35,0,20,0
1,85,0,55,0,20,0
1,65,0,65,0,20,0
1,15,0,25,0,20,0
1,85,0,95,0,20,0
1,95,0,5,0,20,0
1,35,0,55,0,20,0
1,45,0,5,0,20,0
1,25,0,75,0,20,0
1,75,0,15,0,20,0
1,55,0,25,0,20,0
1,5,0,75,0,20,0
1,55,0,5,0,20,0
1,55,0,85,0,20,0
1,35,0,15,0,20,0
1,35,0,25,0,20,0
1,25,0,45,0,20,0
1,15,0,5,0,20,0
1,65,0,35,0,20,0
1,5,0,45,0,20,0
1,95,0,75,0,20,0
1,75,0,35,0,20,0
1,5,0,35,0,20,0
1,95,0,85,0,20,0
1,15,0,85,0,20,0
1,25,0,65,0,20,0
1,65,0,75,0,20,0
1,45,0,95,0,20,0
1,45,0,65,0,20,0
1,15,0,75,0,20,0
1,25,0,35,0,20,0
1,5,0,55,0,20,0
1,75,0,45,0,20,0
1,65,0,85,0,20,0
1,45,0,55,0,20,0
1,5,0,5,0,20,0
1,5,0,65,0,20,0
1,45,0,75,0,20,0
1,75,0,65,0,20,0
1,85,0,85,0,20,0
1,95,0,65,0,20,0
1,15,0,15,0,20,0
1,95,0,55,0,20,0
1,25,0,95,0,20,0
1,5,0,85,0,20,0
1,15,0,55,0,20,0
1,95,0,25,0,20,0
1,55,0,95,0,20,0
1,65,0,45,0,20,0
1,85,0,75,0,20,0
1,85,0,15,0,21,0
1,95,0,45,0,21,0
1,55,0,35,0,21,0
1,85,0,65,0,21,0
1,65,0,65,0,21,0
1,55,0,5,0,21,0
1,35,0,45,0,21,0
1,5,0,25,0,21,0
1,45,0,45,0,21,0
1,75,0,15,0,21,0
1,35,0,95,0,21,0
1,85,0,25,0,21,0
1,35,0,15,0,21,0
1,25,0,35,0,21,0
1,15,0,35,0,21,0
1,15,0,5,0,21,0
1,5,0,35,0,21,0
1,95,0,75,0,21,0
1,25,0,15,0,21,0
1,95,0,5,0,21,0
1,15,0,85,0,21,0
1,45,0,95,0,21,0
1,75,0,35,0,21,0
1,45,0,65,0,21,0
1,45,0,25,0,21,0
1,95,0,95,0,21,0
1,25,0,95,0,21,0
1,75,0,45,0,21,0
1,25,0,65,0,21,0
1,5,0,5,0,21,0
1,55,0,75,0,21,0
1,15,0,45,0,21,0
1,75,0,65,0,21,0
1,5,0,85,0,21,0
1,65,0,25,0,21,0
1,5,0,55,0,21,0
1,75,0,75,0,21,0
1,25,0,55,0,21,0
1,35,0,65,0,21,0
1,15,0,55,0,21,0
1,35,0,5,0,21,0
1,65,0,85,0,21,0
1,45,0,15,0,21,0
1,55,0,65,0,21,0
1,45,0,85,0,21,0
1,75,0,25,0,21,0
1,5,0,65,0,21,0
1,85,0,35,0,21,0
1,95,0,35,0,21,0
1,75,0,95,0,21,0
1,55,0,15,0,21,0
1,45,0,75,0,21,0
1,5,0,15,0,21,0
1,85,0,55,0,21,0
1,15,0,15,0,21,0
1,85,0,45,0,21,0
1,25,0,75,0,21,0
1,95,0,15,0,21,0
1,95,0,25,0,21,0
1,35,0,25,0,21,0
1,35,0,75,0,21,0
1,55,0,25,0,21,0
1,25,0,85,0,21,0
1,5,0,45,0,21,0
1,55,0,95,0,21,0
1,65,0,75,0,21,0
1,65,0,15,0,21,0
1,5,0,95,0,21,0
1,25,0,45,0,21,0
1,85,0,85,0,21,0
1,75,0,5,0,21,0
1,95,0,55,0,21,0
1,65,0,45,0,21,0
1,95,0,85,0,21,0
1,15,0,65,0,21,0
1,35,0,35,0,21,0
1,15,0,25,0,21,0
1,65,0,55,0,21,0
1,85,0,75,0,21,0
1,35,0,55,0,21,0
1,15,0,75,0,21,0
1,65,0,95,0,21,0
1,45,0,5,0,21,0
1,5,0,75,0,21,0
1,25,0,5,0,21,0
1,45,0,55,0,21,0
1,25,0,25,0,21,0
1,55,0,85,0,21,0
1,65,0,35,0,21,0
1,55,0,55,0,21,0
1,75,0,55,0,21,0
1,95,0,65,0,21,0
1,75,0,85,0,21,0
1,85,0,5,0,21,0
1,15,0,95,0,21,0
1,45,0,35,0,21,0
1,55,0,45,0,21,0
1,65,0,5,0,21,0
1,85,0,95,0,21,0
1,35,0,85,0,21,0
1,55,0,5,0,22,0
1,25,0,25,0,22,0
1,25,0,5,0,22,0
1,85,0,15,0,22,0
1,95,0,45,0,22,0
1,55,0,55,0,22,0
1,35,0,45,0,22,0
1,75,0,55,0,22,0
1,65,0,65,0,22,0
1,75,0,85,0,22,0
1,15,0,5,0,22,0
1,15,0,35,0,22,0
1,85,0,5,0,22,0
1,15,0,95,0,22,0
1,95,0,5,0,22,0
1,75,0,15,0,22,0
1,45,0,35,0,22,0
1,25,0,95,0,22,0
1,75,0,35,0,22,0
1,55,0,45,0,22,0
1,35,0,15,0,22,0
1,5,0,85,0,22,0
1,85,0,95,0,22,0
1,65,0,5,0,22,0
1,25,0,65,0,22,0
1,5,0,55,0,22,0
1,55,0,25,0,22,0
1,35,0,85,0,22,0
1,55,0,35,0,22,0
1,25,0,45,0,22,0
1,65,0,85,0,22,0
1,95,0,95,0,22,0
1,45,0,75,0,22,0
1,95,0,85,0,22,0
1,5,0,25,0,22,0
1,15,0,75,0,22,0
1,55,0,75,0,22,0
1,45,0,55,0,22,0
1,45,0,45,0,22,0
1,85,0,65,0,22,0
1,65,0,25,0,22,0
1,95,0,65,0,22,0
1,85,0,25,0,22,0
1,35,0,95,0,22,0
1,35,0,65,0,22,0
1,25,0,55,0,22,0
1,25,0,15,0,22,0
1,25,0,35,0,22,0
1,45,0,15,0,22,0
1,35,0,5,0,22,0
1,45,0,25,0,22,0
1,45,0,85,0,22,0
1,85,0,35,0,22,0
1,95,0,75,0,22,0
1,15,0,45,0,22,0
1,75,0,25,0,22,0
1,15,0,85,0,22,0
1,95,0,35,0,22,0
1,45,0,65,0,22,0
1,55,0,15,0,22,0
1,5,0,35,0,22,0
1,5,0,65,0,22,0
1,85,0,55,0,22,0
1,15,0,55,0,22,0
1,75,0,75,0,22,0
1,75,0,45,0,22,0
1,45,0,95,0,22,0
1,25,0,75,0,22,0
1,15,0,15,0,22,0
1,95,0,15,0,22,0
1,5,0,5,0,22,0
1,35,0,25,0,22,0
1,55,0,65,0,22,0
1,15,0,25,0,22,0
1,25,0,85,0,22,0
1,95,0,25,0,22,0
1,5,0,95,0,22,0
1,5,0,45,0,22,0
1,75,0,65,0,22,0
1,75,0,95,0,22,0
1,35,0,55,0,22,0
1,75,0,5,0,22,0
1,65,0,75,0,22,0
1,55,0,95,0,22,0
1,85,0,45,0,22,0
1,45,0,5,0,22,0
1,35,0,35,0,22,0
1,85,0,85,0,22,0
1,65,0,55,0,22,0
1,95,0,55,0,22,0
1,35,0,75,0,22,0
1,65,0,45,0,22,0
1,5,0,75,0,22,0
1,5,0,15,0,22,0
1,65,0,15,0,22,0
1,55,0,85,0,22,0
1,85,0,75,0,22,0
1,15,0,65,0,22,0
1,65,0,35,0,22,0
1,65,0,95,0,22,0
1,85,0,15,0,23,0
1,95,0,45,0,23,0
1,25,0,5,0,23,0
1,55,0,35,0,23,0
1,5,0,25,0,23,0
1,55,0,55,0,23,0
1,45,0,45,0,23,0
1,75,0,85,0,23,0
1,35,0,45,0,23,0
1,15,0,35,0,23,0
1,5,0,65,0,23,0
1,95,0,5,0,23,0
1,85,0,65,0,23,0
1,25,0,95,0,23,0
1,15,0,15,0,23,0
1,95,0,95,0,23,0
1,85,0,25,0,23,0
1,5,0,85,0,23,0
1,25,0,15,0,23,0
1,15,0,55,0,23,0
1,95,0,25,0,23,0
1,45,0,25,0,23,0
1,55,0,75,0,23,0
1,95,0,15,0,23,0
1,15,0,45,0,23,0
1,55,0,95,0,23,0
1,75,0,75,0,23,0
1,65,0,25,0,23,0
1,25,0,85,0,23,0
1,5,0,95,0,23,0
1,55,0,65,0,23,0
1,35,0,65,0,23,0
1,65,0,45,0,23,0
1,75,0,5,0,23,0
1,75,0,95,0,23,0
1,35,0,35,0,23,0
1,45,0,15,0,23,0
1,85,0,75,0,23,0
1,85,0,45,0,23,0
1,65,0,55,0,23,0
1,35,0,75,0,23,0
1,85,0,35,0,23,0
1,25,0,55,0,23,0
1,15,0,25,0,23,0
1,65,0,15,0,23,0
1,35,0,5,0,23,0
1,15,0,65,0,23,0
1,5,0,15,0,23,0
1,35,0,55,0,23,0
1,45,0,85,0,23,0
1,65,0,95,0,23,0
1,75,0,25,0,23,0
1,95,0,75,0,23,0
1,45,0,5,0,23,0
1,25,0,25,0,23,0
1,95,0,35,0,23,0
1,15,0,85,0,23,0
1,75,0,55,0,23,0
1,55,0,15,0,23,0
1,45,0,65,0,23,0
1,85,0,55,0,23,0
1,75,0,45,0,23,0
1,85,0,5,0,23,0
1,5,0,5,0,23,0
1,25,0,75,0,23,0
1,15,0,95,0,23,0
1,75,0,65,0,23,0
1,35,0,25,0,23,0
1,55,0,45,0,23,0
1,5,0,45,0,23,0
1,55,0,25,0,23,0
1,85,0,95,0,23,0
1,25,0,45,0,23,0
1,65,0,75,0,23,0
1,65,0,65,0,23,0
1,55,0,5,0,23,0
1,85,0,85,0,23,0
1,95,0,85,0,23,0
1,15,0,5,0,23,0
1,95,0,55,0,23,0
1,75,0,15,0,23,0
1,75,0,35,0,23,0
1,35,0,95,0,23,0
1,35,0,15,0,23,0
1,25,0,65,0,23,0
1,25,0,35,0,23,0
1,15,0,75,0,23,0
1,5,0,55,0,23,0
1,5,0,35,0,23,0
1,45,0,55,0,23,0
1,45,0,35,0,23,0
1,95,0,65,0,23,0
1,45,0,95,0,23,0
1,5,0,75,0,23,0
1,65,0,5,0,23,0
1,35,0,85,0,23,0
1,55,0,85,0,23,0
1,65,0,35,0,23,0
1,65,0,85,0,23,0
1,45,0,75,0,23,0
1,35,0,45,0,24,0
1,95,0,45,0,24,0
1,25,0,55,0,24,0
1,85,0,15,0,24,0
1,95,0,75,0,24,0
1,55,0,35,0,24,0
1,5,0,25,0,24,0
1,65,0,65,0,24,0
1,35,0,5,0,24,0
1,45,0,45,0,24,0
1,15,0,85,0,24,0
1,35,0,95,0,24,0
1,75,0,15,0,24,0
1,25,0,35,0,24,0
1,45,0,85,0,24,0
1,95,0,95,0,24,0
1,45,0,65,0,24,0
1,35,0,15,0,24,0
1,55,0,75,0,24,0
1,65,0,25,0,24,0
1,35,0,65,0,24,0
1,5,0,35,0,24,0
1,75,0,45,0,24,0
1,45,0,15,0,24,0
1,75,0,25,0,24,0
1,85,0,35,0,24,0
1,45,0,95,0,24,0
1,5,0,5,0,24,0
1,5,0,15,0,24,0
1,15,0,35,0,24,0
1,25,0,5,0,24,0
1,25,0,75,0,24,0
1,95,0,5,0,24,0
1,95,0,35,0,24,0
1,55,0,5,0,24,0
1,35,0,25,0,24,0
1,75,0,65,0,24,0
1,5,0,45,0,24,0
1,25,0,95,0,24,0
1,55,0,15,0,24,0
1,15,0,5,0,24,0
1,65,0,75,0,24,0
1,5,0,65,0,24,0
1,5,0,85,0,24,0
1,55,0,55,0,24,0
1,85,0,85,0,24,0
1,85,0,55,0,24,0
1,75,0,35,0,24,0
1,15,0,55,0,24,0
1,95,0,55,0,24,0
1,15,0,15,0,24,0
1,75,0,85,0,24,0
1,25,0,25,0,24,0
1,55,0,25,0,24,0
1,25,0,65,0,24,0
1,95,0,25,0,24,0
1,45,0,35,0,24,0
1,25,0,45,0,24,0
1,75,0,55,0,24,0
1,5,0,55,0,24,0
1,95,0,85,0,24,0
1,55,0,95,0,24,0
1,85,0,5,0,24,0
1,15,0,75,0,24,0
1,65,0,85,0,24,0
1,65,0,45,0,24,0
1,45,0,55,0,24,0
1,15,0,95,0,24,0
1,45,0,75,0,24,0
1,95,0,65,0,24,0
1,85,0,75,0,24,0
1,65,0,5,0,24,0
1,55,0,45,0,24,0
1,85,0,95,0,24,0
1,35,0,85,0,24,0
1,85,0,65,0,24,0
1,85,0,25,0,24,0
1,55,0,65,0,24,0
1,15,0,25,0,24,0
1,25,0,15,0,24,0
1,75,0,95,0,24,0
1,35,0,55,0,24,0
1,45,0,25,0,24,0
1,95,0,15,0,24,0
1,45,0,5,0,24,0
1,15,0,45,0,24,0
1,85,0,45,0,24,0
1,25,0,85,0,24,0
1,5,0,75,0,24,0
1,75,0,75,0,24,0
1,35,0,75,0,24,0
1,55,0,85,0,24,0
1,5,0,95,0,24,0
1,65,0,35,0,24,0
1,75,0,5,0,24,0
1,65,0,15,0,24,0
1,15,0,65,0,24,0
1,35,0,35,0,24,0
1,65,0,95,0,24,0
1,65,0,55,0,24,0
1,85,0,65,0,25,0
1,85,0,15,0,25,0
1,25,0,5,0,25,0
1,85,0,25,0,25,0
1,55,0,35,0,25,0
1,55,0,55,0,25,0
1,35,0,45,0,25,0
1,25,0,55,0,25,0
1,35,0,5,0,25,0
1,5,0,25,0,25,0
1,45,0,85,0,25,0
1,75,0,85,0,25,0
1,15,0,35,0,25,0
1,75,0,25,0,25,0
1,45,0,45,0,25,0
1,95,0,45,0,25,0
1,45,0,35,0,25,0
1,95,0,35,0,25,0
1,95,0,5,0,25,0
1,35,0,95,0,25,0
1,55,0,15,0,25,0
1,65,0,5,0,25,0
1,65,0,65,0,25,0
1,25,0,95,0,25,0
1,85,0,55,0,25,0
1,25,0,35,0,25,0
1,35,0,85,0,25,0
1,25,0,75,0,25,0
1,75,0,15,0,25,0
1,5,0,85,0,25,0
1,35,0,25,0,25,0
1,95,0,75,0,25,0
1,95,0,95,0,25,0
1,5,0,45,0,25,0
1,35,0,15,0,25,0
1,15,0,55,0,25,0
1,65,0,75,0,25,0
1,55,0,75,0,25,0
1,85,0,85,0,25,0
1,15,0,85,0,25,0
1,5,0,35,0,25,0
1,95,0,55,0,25,0
1,65,0,25,0,25,0
1,45,0,65,0,25,0
1,45,0,95,0,25,0
1,95,0,15,0,25,0
1,5,0,65,0,25,0
1,25,0,85,0,25,0
1,75,0,45,0,25,0
1,5,0,95,0,25,0
1,15,0,15,0,25,0
1,5,0,5,0,25,0
1,75,0,5,0,25,0
1,35,0,65,0,25,0
1,35,0,35,0,25,0
1,55,0,5,0,25,0
1,65,0,55,0,25,0
1,95,0,25,0,25,0
1,75,0,65,0,25,0
1,25,0,25,0,25,0
1,55,0,95,0,25,0
1,55,0,25,0,25,0
1,15,0,5,0,25,0
1,65,0,45,0,25,0
1,25,0,45,0,25,0
1,75,0,35,0,25,0
1,45,0,15,0,25,0
1,85,0,75,0,25,0
1,95,0,85,0,25,0
1,25,0,65,0,25,0
1,25,0,15,0,25,0
1,85,0,35,0,25,0
1,15,0,75,0,25,0
1,5,0,15,0,25,0
1,45,0,55,0,25,0
1,75,0,55,0,25,0
1,55,0,65,0,25,0
1,95,0,65,0,25,0
1,45,0,25,0,25,0
1,15,0,25,0,25,0
1,85,0,5,0,25,0
1,15,0,95,0,25,0
1,75,0,95,0,25,0
1,35,0,55,0,25,0
1,15,0,45,0,25,0
1,55,0,45,0,25,0
1,85,0,95,0,25,0
1,85,0,45,0,25,0
1,45,0,5,0,25,0
1,35,0,75,0,25,0
1,5,0,75,0,25,0
1,65,0,15,0,25,0
1,55,0,85,0,25,0
1,15,0,65,0,25,0
1,5,0,55,0,25,0
1,65,0,35,0,25,0
1,65,0,95,0,25,0
1,65,0,85,0,25,0
1,75,0,75,0,25,0
1,45,0,75,0,25,0
1,25,0,5,0,26,0
1,85,0,15,0,26,0
1,25,0,25,0,26,0
1,95,0,45,0,26,0
1,55,0,35,0,26,0
1,55,0,55,0,26,0
1,65,0,65,0,26,0
1,75,0,55,0,26,0
1,75,0,85,0,26,0
1,5,0,25,0,26,0
1,75,0,15,0,26,0
1,45,0,35,0,26,0
1,45,0,45,0,26,0
1,85,0,5,0,26,0
1,35,0,15,0,26,0
1,65,0,5,0,26,0
1,25,0,55,0,26,0
1,35,0,95,0,26,0
1,5,0,35,0,26,0
1,35,0,85,0,26,0
1,15,0,95,0,26,0
1,25,0,35,0,26,0
1,95,0,95,0,26,0
1,35,0,5,0,26,0
1,95,0,75,0,26,0
1,55,0,45,0,26,0
1,55,0,75,0,26,0
1,15,0,85,0,26,0
1,45,0,95,0,26,0
1,65,0,25,0,26,0
1,45,0,85,0,26,0
1,85,0,95,0,26,0
1,45,0,65,0,26,0
1,55,0,5,0,26,0
1,35,0,65,0,26,0
1,75,0,45,0,26,0
1,55,0,25,0,26,0
1,75,0,25,0,26,0
1,15,0,5,0,26,0
1,45,0,15,0,26,0
1,25,0,75,0,26,0
1,5,0,5,0,26,0
1,85,0,35,0,26,0
1,75,0,35,0,26,0
1,75,0,65,0,26,0
1,95,0,35,0,26,0
1,25,0,45,0,26,0
1,35,0,25,0,26,0
1,25,0,65,0,26,0
1,5,0,15,0,26,0
1,95,0,15,0,26,0
1,55,0,15,0,26,0
1,5,0,55,0,26,0
1,55,0,65,0,26,0
1,25,0,85,0,26,0
1,5,0,45,0,26,0
1,95,0,85,0,26,0
1,65,0,85,0,26,0
1,85,0,55,0,26,0
1,75,0,95,0,26,0
1,5,0,95,0,26,0
1,45,0,75,0,26,0
1,65,0,75,0,26,0
1,85,0,45,0,26,0
1,75,0,5,0,26,0
1,15,0,75,0,26,0
1,5,0,65,0,26,0
1,15,0,25,0,26,0
1,35,0,75,0,26,0
1,35,0,35,0,26,0
1,85,0,85,0,26,0
1,15,0,15,0,26,0
1,65,0,15,0,26,0
1,45,0,55,0,26,0
1,65,0,55,0,26,0
1,95,0,25,0,26,0
1,15,0,65,0,26,0
1,35,0,55,0,26,0
1,95,0,55,0,26,0
1,35,0,45,0,26,0
1,95,0,65,0,26,0
1,65,0,95,0,26,0
1,55,0,95,0,26,0
1,45,0,5,0,26,0
1,85,0,65,0,26,0
1,65,0,45,0,26,0
1,15,0,35,0,26,0
1,85,0,25,0,26,0
1,85,0,75,0,26,0
1,95,0,5,0,26,0
1,5,0,75,0,26,0
1,25,0,15,0,26,0
1,25,0,95,0,26,0
1,45,0,25,0,26,0
1,55,0,85,0,26,0
1,5,0,85,0,26,0
1,15,0,45,0,26,0
1,15,0,55,0,26,0
1,75,0,75,0,26,0
1,65,0,35,0,26,0
1,85,0,15,0,27,0
1,95,0,45,0,27,0
1,95,0,15,0,27,0
1,85,0,65,0,27,0
1,55,0,35,0,27,0
1,25,0,55,0,27,0
1,25,0,85,0,27,0
1,85,0,25,0,27,0
1,25,0,5,0,27,0
1,65,0,65,0,27,0
1,5,0,25,0,27,0
1,35,0,5,0,27,0
1,25,0,15,0,27,0
1,5,0,95,0,27,0
1,95,0,75,0,27,0
1,45,0,85,0,27,0
1,45,0,45,0,27,0
1,45,0,25,0,27,0
1,75,0,5,0,27,0
1,75,0,15,0,27,0
1,55,0,55,0,27,0
1,15,0,85,0,27,0
1,35,0,95,0,27,0
1,75,0,25,0,27,0
1,15,0,45,0,27,0
1,35,0,35,0,27,0
1,35,0,15,0,27,0
1,25,0,35,0,27,0
1,95,0,35,0,27,0
1,65,0,55,0,27,0
1,75,0,75,0,27,0
1,45,0,65,0,27,0
1,75,0,85,0,27,0
1,95,0,95,0,27,0
1,55,0,15,0,27,0
1,5,0,35,0,27,0
1,15,0,25,0,27,0
1,55,0,65,0,27,0
1,55,0,75,0,27,0
1,85,0,55,0,27,0
1,45,0,35,0,27,0
1,35,0,55,0,27,0
1,75,0,45,0,27,0
1,75,0,95,0,27,0
1,45,0,95,0,27,0
1,65,0,25,0,27,0
1,25,0,75,0,27,0
1,45,0,5,0,27,0
1,85,0,45,0,27,0
1,65,0,5,0,27,0
1,35,0,65,0,27,0
1,5,0,5,0,27,0
1,5,0,75,0,27,0
1,35,0,25,0,27,0
1,35,0,75,0,27,0
1,55,0,5,0,27,0
1,45,0,15,0,27,0
1,35,0,85,0,27,0
1,65,0,15,0,27,0
1,5,0,45,0,27,0
1,55,0,85,0,27,0
1,75,0,65,0,27,0
1,85,0,35,0,27,0
1,35,0,45,0,27,0
1,15,0,5,0,27,0
1,15,0,65,0,27,0
1,65,0,75,0,27,0
1,5,0,15,0,27,0
1,15,0,35,0,27,0
1,5,0,65,0,27,0
1,65,0,95,0,27,0
1,85,0,85,0,27,0
1,75,0,35,0,27,0
1,25,0,25,0,27,0
1,55,0,25,0,27,0
1,95,0,5,0,27,0
1,95,0,55,0,27,0
1,15,0,15,0,27,0
1,25,0,45,0,27,0
1,25,0,95,0,27,0
1,25,0,65,0,27,0
1,75,0,55,0,27,0
1,95,0,85,0,27,0
1,5,0,85,0,27,0
1,95,0,25,0,27,0
1,5,0,55,0,27,0
1,85,0,5,0,27,0
1,15,0,75,0,27,0
1,15,0,55,0,27,0
1,55,0,95,0,27,0
1,45,0,55,0,27,0
1,65,0,85,0,27,0
1,15,0,95,0,27,0
1,65,0,35,0,27,0
1,95,0,65,0,27,0
1,65,0,45,0,27,0
1,45,0,75,0,27,0
1,55,0,45,0,27,0
1,85,0,95,0,27,0
1,85,0,75,0,27,0
1,25,0,5,0,28,0
1,25,0,55,0,28,0
1,95,0,45,0,28,0
1,85,0,15,0,28,0
1,55,0,55,0,28,0
1,35,0,5,0,28,0
1,75,0,85,0,28,0
1,45,0,85,0,28,0
1,55,0,35,0,28,0
1,45,0,35,0,28,0
1,75,0,25,0,28,0
1,65,0,65,0,28,0
1,65,0,5,0,28,0
1,95,0,75,0,28,0
1,5,0,25,0,28,0
1,35,0,85,0,28,0
1,95,0,95,0,28,0
1,15,0,85,0,28,0
1,45,0,45,0,28,0
1,55,0,75,0,28,0
1,75,0,15,0,28,0
1,65,0,25,0,28,0
1,95,0,15,0,28,0
1,45,0,65,0,28,0
1,35,0,95,0,28,0
1,35,0,65,0,28,0
1,35,0,15,0,28,0
1,45,0,15,0,28,0
1,85,0,65,0,28,0
1,75,0,45,0,28,0
1,25,0,35,0,28,0
1,85,0,35,0,28,0
1,25,0,85,0,28,0
1,85,0,25,0,28,0
1,5,0,35,0,28,0
1,5,0,15,0,28,0
1,25,0,15,0,28,0
1,5,0,5,0,28,0
1,5,0,95,0,28,0
1,25,0,75,0,28,0
1,45,0,95,0,28,0
1,35,0,45,0,28,0
1,45,0,25,0,28,0
1,75,0,65,0,28,0
1,35,0,25,0,28,0
1,15,0,45,0,28,0
1,5,0,45,0,28,0
1,75,0,5,0,28,0
1,75,0,75,0,28,0
1,65,0,75,0,28,0
1,15,0,35,0,28,0
1,5,0,65,0,28,0
1,55,0,5,0,28,0
1,85,0,85,0,28,0
1,35,0,35,0,28,0
1,55,0,65,0,28,0
1,95,0,55,0,28,0
1,95,0,5,0,28,0
1,75,0,95,0,28,0
1,15,0,15,0,28,0
1,15,0,5,0,28,0
1,25,0,25,0,28,0
1,65,0,55,0,28,0
1,85,0,45,0,28,0
1,75,0,55,0,28,0
1,25,0,95,0,28,0
1,35,0,75,0,28,0
1,95,0,25,0,28,0
1,75,0,35,0,28,0
1,85,0,5,0,28,0
1,65,0,15,0,28,0
1,15,0,25,0,28,0
1,15,0,95,0,28,0
1,5,0,85,0,28,0
1,55,0,95,0,28,0
1,15,0,65,0,28,0
1,55,0,45,0,28,0
1,65,0,95,0,28,0
1,85,0,95,0,28,0
1,35,0,55,0,28,0
1,65,0,45,0,28,0
1,15,0,55,0,28,0
1,55,0,25,0,28,0
1,25,0,65,0,28,0
1,25,0,45,0,28,0
1,95,0,35,0,28,0
1,45,0,5,0,28,0
1,85,0,75,0,28,0
1,95,0,85,0,28,0
1,55,0,15,0,28,0
1,5,0,55,0,28,0
1,15,0,75,0,28,0
1,85,0,55,0,28,0
1,5,0,75,0,28,0
1,45,0,55,0,28,0
1,95,0,65,0,28,0
1,65,0,85,0,28,0
1,55,0,85,0,28,0
1,45,0,75,0,28,0
1,65,0,35,0,28,0
1,95,0,45,0,29,0
1,85,0,65,0,29,0
1,35,0,45,0,29,0
1,85,0,15,0,29,0
1,25,0,25,0,29,0
1,65,0,65,0,29,0
1,75,0,55,0,29,0
1,75,0,15,0,29,0
1,85,0,25,0,29,0
1,55,0,35,0,29,0
1,15,0,35,0,29,0
1,35,0,15,0,29,0
1,85,0,5,0,29,0
1,25,0,15,0,29,0
1,5,0,35,0,29,0
1,5,0,25,0,29,0
1,15,0,95,0,29,0
1,45,0,95,0,29,0
1,95,0,5,0,29,0
1,55,0,45,0,29,0
1,45,0,45,0,29,0
1,55,0,5,0,29,0
1,85,0,95,0,29,0
1,15,0,5,0,29,0
1,25,0,95,0,29,0
1,95,0,95,0,29,0
1,75,0,35,0,29,0
1,35,0,95,0,29,0
1,25,0,65,0,29,0
1,5,0,85,0,29,0
1,55,0,75,0,29,0
1,25,0,35,0,29,0
1,5,0,55,0,29,0
1,65,0,85,0,29,0
1,15,0,55,0,29,0
1,65,0,25,0,29,0
1,45,0,75,0,29,0
1,95,0,75,0,29,0
1,25,0,55,0,29,0
1,35,0,65,0,29,0
1,5,0,65,0,29,0
1,35,0,5,0,29,0
1,15,0,85,0,29,0
1,25,0,5,0,29,0
1,45,0,85,0,29,0
1,45,0,15,0,29,0
1,15,0,15,0,29,0
1,45,0,65,0,29,0
1,75,0,25,0,29,0
1,55,0,55,0,29,0
1,95,0,35,0,29,0
1,95,0,25,0,29,0
1,85,0,35,0,29,0
1,55,0,15,0,29,0
1,75,0,45,0,29,0
1,75,0,85,0,29,0
1,85,0,55,0,29,0
1,55,0,95,0,29,0
1,45,0,35,0,29,0
1,5,0,15,0,29,0
1,25,0,75,0,29,0
1,5,0,5,0,29,0
1,35,0,25,0,29,0
1,65,0,45,0,29,0
1,45,0,25,0,29,0
1,75,0,65,0,29,0
1,55,0,25,0,29,0
1,5,0,45,0,29,0
1,95,0,15,0,29,0
1,15,0,45,0,29,0
1,25,0,45,0,29,0
1,85,0,75,0,29,0
1,65,0,75,0,29,0
1,75,0,75,0,29,0
1,15,0,25,0,29,0
1,25,0,85,0,29,0
1,95,0,85,0,29,0
1,85,0,85,0,29,0
1,55,0,65,0,29,0
1,95,0,55,0,29,0
1,15,0,75,0,29,0
1,35,0,55,0,29,0
1,5,0,95,0,29,0
1,75,0,95,0,29,0
1,45,0,55,0,29,0
1,45,0,5,0,29,0
1,75,0,5,0,29,0
1,85,0,45,0,29,0
1,35,0,35,0,29,0
1,5,0,75,0,29,0
1,35,0,75,0,29,0
1,65,0,55,0,29,0
1,55,0,85,0,29,0
1,65,0,5,0,29,0
1,65,0,15,0,29,0
1,35,0,85,0,29,0
1,65,0,35,0,29,0
1,15,0,65,0,29,0
1,65,0,95,0,29,0
1,95,0,65,0,29,0
1,25,0,5,0,30,0
1,25,0,55,0,30,0
1,95,0,15,0,30,0
1,15,0,25,0,30,0
1,85,0,65,0,30,0
1,55,0,55,0,30,0
1,35,0,5,0,30,0
1,25,0,85,0,30,0
1,75,0,85,0,30,0
1,35,0,55,0,30,0
1,85,0,25,0,30,0
1,45,0,85,0,30,0
1,55,0,65,0,30,0
1,5,0,95,0,30,0
1,45,0,5,0,30,0
1,75,0,95,0,30,0
1,75,0,25,0,30,0
1,25,0,15,0,30,0
1,75,0,5,0,30,0
1,85,0,15,0,30,0
1,5,0,75,0,30,0
1,85,0,45,0,30,0
1,95,0,35,0,30,0
1,35,0,75,0,30,0
1,55,0,35,0,30,0
1,45,0,25,0,30,0
1,35,0,35,0,30,0
1,55,0,85,0,30,0
1,5,0,25,0,30,0
1,65,0,15,0,30,0
1,55,0,15,0,30,0
1,15,0,45,0,30,0
1,65,0,55,0,30,0
1,15,0,65,0,30,0
1,65,0,35,0,30,0
1,45,0,45,0,30,0
1,85,0,55,0,30,0
1,35,0,95,0,30,0
1,65,0,95,0,30,0
1,75,0,75,0,30,0
1,25,0,75,0,30,0
1,95,0,75,0,30,0
1,25,0,35,0,30,0
1,35,0,45,0,30,0
1,95,0,45,0,30,0
1,5,0,65,0,30,0
1,95,0,95,0,30,0
1,15,0,35,0,30,0
1,35,0,25,0,30,0
1,15,0,85,0,30,0
1,65,0,65,0,30,0
1,55,0,75,0,30,0
1,95,0,5,0,30,0
1,15,0,15,0,30,0
1,5,0,45,0,30,0
1,45,0,65,0,30,0
1,65,0,25,0,30,0
1,25,0,95,0,30,0
1,75,0,15,0,30,0
1,95,0,25,0,30,0
1,5,0,85,0,30,0
1,35,0,65,0,30,0
1,75,0,45,0,30,0
1,65,0,75,0,30,0
1,35,0,15,0,30,0
1,45,0,15,0,30,0
1,15,0,55,0,30,0
1,55,0,95,0,30,0
1,85,0,35,0,30,0
1,5,0,35,0,30,0
1,85,0,85,0,30,0
1,5,0,5,0,30,0
1,5,0,15,0,30,0
1,25,0,25,0,30,0
1,65,0,45,0,30,0
1,75,0,55,0,30,0
1,45,0,95,0,30,0
1,95,0,55,0,30,0
1,55,0,5,0,30,0
1,75,0,65,0,30,0
1,85,0,75,0,30,0
1,85,0,5,0,30,0
1,15,0,5,0,30,0
1,55,0,25,0,30,0
1,15,0,95,0,30,0
1,45,0,35,0,30,0
1,75,0,35,0,30,0
1,55,0,45,0,30,0
1,25,0,45,0,30,0
1,25,0,65,0,30,0
1,85,0,95,0,30,0
1,65,0,5,0,30,0
1,5,0,55,0,30,0
1,95,0,85,0,30,0
1,35,0,85,0,30,0
1,15,0,75,0,30,0
1,65,0,85,0,30,0
1,45,0,55,0,30,0
1,45,0,75,0,30,0
1,95,0,65,0,30,0
1,95,0,75,0,31,0
1,25,0,55,0,31,0
1,85,0,65,0,31,0
1,85,0,15,0,31,0
1,15,0,85,0,31,0
1,85,0,25,0,31,0
1,35,0,5,0,31,0
1,55,0,35,0,31,0
1,45,0,65,0,31,0
1,25,0,15,0,31,0
1,95,0,15,0,31,0
1,45,0,25,0,31,0
1,75,0,45,0,31,0
1,45,0,85,0,31,0
1,5,0,25,0,31,0
1,15,0,45,0,31,0
1,5,0,5,0,31,0
1,25,0,85,0,31,0
1,75,0,75,0,31,0
1,45,0,45,0,31,0
1,75,0,25,0,31,0
1,75,0,65,0,31,0
1,55,0,65,0,31,0
1,15,0,25,0,31,0
1,35,0,95,0,31,0
1,5,0,95,0,31,0
1,95,0,35,0,31,0
1,75,0,95,0,31,0
1,25,0,75,0,31,0
1,35,0,55,0,31,0
1,85,0,45,0,31,0
1,25,0,35,0,31,0
1,55,0,15,0,31,0
1,45,0,5,0,31,0
1,75,0,5,0,31,0
1,35,0,75,0,31,0
1,35,0,25,0,31,0
1,5,0,75,0,31,0
1,65,0,15,0,31,0
1,85,0,55,0,31,0
1,35,0,35,0,31,0
1,55,0,85,0,31,0
1,95,0,45,0,31,0
1,15,0,65,0,31,0
1,5,0,45,0,31,0
1,65,0,35,0,31,0
1,65,0,55,0,31,0
1,65,0,95,0,31,0
1,65,0,65,0,31,0
1,25,0,25,0,31,0
1,55,0,25,0,31,0
1,65,0,75,0,31,0
1,55,0,5,0,31,0
1,25,0,45,0,31,0
1,75,0,15,0,31,0
1,15,0,5,0,31,0
1,35,0,45,0,31,0
1,75,0,55,0,31,0
1,85,0,85,0,31,0
1,95,0,85,0,31,0
1,75,0,35,0,31,0
1,15,0,75,0,31,0
1,35,0,15,0,31,0
1,15,0,35,0,31,0
1,95,0,55,0,31,0
1,85,0,5,0,31,0
1,25,0,65,0,31,0
1,45,0,55,0,31,0
1,5,0,35,0,31,0
1,5,0,55,0,31,0
1,95,0,5,0,31,0
1,95,0,65,0,31,0
1,15,0,95,0,31,0
1,95,0,95,0,31,0
1,65,0,85,0,31,0
1,5,0,65,0,31,0
1,45,0,95,0,31,0
1,25,0,95,0,31,0
1,55,0,45,0,31,0
1,45,0,75,0,31,0
1,15,0,15,0,31,0
1,55,0,75,0,31,0
1,95,0,25,0,31,0
1,25,0,5,0,31,0
1,5,0,85,0,31,0
1,85,0,95,0,31,0
1,55,0,95,0,31,0
1,55,0,55,0,31,0
1,65,0,25,0,31,0
1,75,0,85,0,31,0
1,15,0,55,0,31,0
1,65,0,45,0,31,0
1,45,0,35,0,31,0
1,35,0,65,0,31,0
1,65,0,5,0,31,0
1,85,0,75,0,31,0
1,45,0,15,0,31,0
1,35,0,85,0,31,0
1,85,0,35,0,31,0
1,5,0,15,0,31,0
1,95,0,45,0,32,0
1,35,0,45,0,32,0
1,85,0,15,0,32,0
1,25,0,5,0,32,0
1,65,0,65,0,32,0
1,15,0,35,0,32,0
1,75,0,15,0,32,0
1,55,0,35,0,32,0
1,55,0,55,0,32,0
1,35,0,15,0,32,0
1,95,0,5,0,32,0
1,5,0,25,0,32,0
1,5,0,35,0,32,0
1,75,0,85,0,32,0
1,5,0,65,0,32,0
1,45,0,95,0,32,0
1,25,0,95,0,32,0
1,45,0,45,0,32,0
1,45,0,35,0,32,0
1,55,0,5,0,32,0
1,15,0,15,0,32,0
1,5,0,85,0,32,0
1,15,0,5,0,32,0
1,35,0,95,0,32,0
1,95,0,25,0,32,0
1,65,0,5,0,32,0
1,75,0,35,0,32,0
1,15,0,55,0,32,0
1,55,0,95,0,32,0
1,25,0,65,0,32,0
1,25,0,35,0,32,0
1,35,0,85,0,32,0
1,65,0,45,0,32,0
1,5,0,55,0,32,0
1,95,0,95,0,32,0
1,65,0,85,0,32,0
1,85,0,75,0,32,0
1,95,0,75,0,32,0
1,25,0,25,0,32,0
1,45,0,75,0,32,0
1,55,0,75,0,32,0
1,55,0,25,0,32,0
1,85,0,65,0,32,0
1,15,0,85,0,32,0
1,75,0,55,0,32,0
1,85,0,25,0,32,0
1,25,0,45,0,32,0
1,65,0,25,0,32,0
1,25,0,15,0,32,0
1,45,0,65,0,32,0
1,85,0,5,0,32,0
1,45,0,25,0,32,0
1,95,0,85,0,32,0
1,35,0,65,0,32,0
1,15,0,45,0,32,0
1,75,0,45,0,32,0
1,15,0,95,0,32,0
1,15,0,75,0,32,0
1,75,0,75,0,32,0
1,45,0,15,0,32,0
1,45,0,55,0,32,0
1,5,0,5,0,32,0
1,55,0,45,0,32,0
1,55,0,65,0,32,0
1,95,0,65,0,32,0
1,75,0,95,0,32,0
1,85,0,35,0,32,0
1,75,0,65,0,32,0
1,85,0,95,0,32,0
1,85,0,45,0,32,0
1,25,0,55,0,32,0
1,35,0,75,0,32,0
1,5,0,15,0,32,0
1,25,0,75,0,32,0
1,35,0,5,0,32,0
1,65,0,15,0,32,0
1,95,0,15,0,32,0
1,15,0,65,0,32,0
1,35,0,25,0,32,0
1,45,0,85,0,32,0
1,15,0,25,0,32,0
1,65,0,95,0,32,0
1,25,0,85,0,32,0
1,75,0,25,0,32,0
1,5,0,45,0,32,0
1,35,0,55,0,32,0
1,95,0,35,0,32,0
1,5,0,95,0,32,0
1,55,0,15,0,32,0
1,45,0,5,0,32,0
1,75,0,5,0,32,0
1,65,0,75,0,32,0
1,85,0,55,0,32,0
1,85,0,85,0,32,0
1,35,0,35,0,32,0
1,5,0,75,0,32,0
1,95,0,55,0,32,0
1,65,0,55,0,32,0
1,55,0,85,0,32,0
1,65,0,35,0,32,0
1,85,0,65,0,33,0
1,35,0,45,0,33,0
1,25,0,55,0,33,0
1,85,0,25,0,33,0
1,35,0,5,0,33,0
1,45,0,85,0,33,0
1,25,0,15,0,33,0
1,75,0,25,0,33,0
1,45,0,25,0,33,0
1,95,0,35,0,33,0
1,15,0,45,0,33,0
1,55,0,15,0,33,0
1,75,0,75,0,33,0
1,85,0,55,0,33,0
1,55,0,65,0,33,0
1,15,0,35,0,33,0
1,25,0,75,0,33,0
1,75,0,95,0,33,0
1,35,0,25,0,33,0
1,85,0,45,0,33,0
1,5,0,45,0,33,0
1,35,0,75,0,33,0
1,95,0,5,0,33,0
1,65,0,75,0,33,0
1,85,0,85,0,33,0
1,25,0,25,0,33,0
1,95,0,55,0,33,0
1,25,0,95,0,33,0
1,95,0,75,0,33,0
1,15,0,85,0,33,0
1,75,0,55,0,33,0
1,5,0,85,0,33,0
1,45,0,65,0,33,0
1,75,0,45,0,33,0
1,15,0,55,0,33,0
1,5,0,5,0,33,0
1,75,0,65,0,33,0
1,5,0,65,0,33,0
1,95,0,15,0,33,0
1,55,0,25,0,33,0
1,25,0,45,0,33,0
1,95,0,85,0,33,0
1,25,0,85,0,33,0
1,15,0,15,0,33,0
1,15,0,75,0,33,0
1,45,0,55,0,33,0
1,65,0,15,0,33,0
1,5,0,95,0,33,0
1,95,0,25,0,33,0
1,95,0,65,0,33,0
1,25,0,5,0,33,0
1,15,0,25,0,33,0
1,55,0,95,0,33,0
1,35,0,55,0,33,0
1,65,0,45,0,33,0
1,55,0,55,0,33,0
1,45,0,5,0,33,0
1,15,0,65,0,33,0
1,5,0,75,0,33,0
1,85,0,75,0,33,0
1,65,0,95,0,33,0
1,55,0,85,0,33,0
1,75,0,5,0,33,0
1,65,0,35,0,33,0
1,95,0,95,0,33,0
1,35,0,35,0,33,0
1,55,0,75,0,33,0
1,55,0,5,0,33,0
1,95,0,45,0,33,0
1,65,0,25,0,33,0
1,65,0,55,0,33,0
1,15,0,5,0,33,0
1,65,0,65,0,33,0
1,75,0,35,0,33,0
1,85,0,5,0,33,0
1,75,0,15,0,33,0
1,25,0,65,0,33,0
1,35,0,65,0,33,0
1,35,0,15,0,33,0
1,5,0,55,0,33,0
1,5,0,35,0,33,0
1,15,0,95,0,33,0
1,45,0,15,0,33,0
1,65,0,85,0,33,0
1,45,0,95,0,33,0
1,55,0,45,0,33,0
1,85,0,35,0,33,0
1,5,0,15,0,33,0
1,75,0,85,0,33,0
1,85,0,15,0,33,0
1,45,0,35,0,33,0
1,55,0,35,0,33,0
1,85,0,95,0,33,0
1,5,0,25,0,33,0
1,65,0,5,0,33,0
1,45,0,75,0,33,0
1,45,0,45,0,33,0
1,35,0,85,0,33,0
1,35,0,95,0,33,0
1,25,0,35,0,33,0
1,55,0,25,0,34,0
1,55,0,5,0,34,0
1,95,0,15,0,34,0
1,85,0,65,0,34,0
1,95,0,45,0,34,0
1,65,0,65,0,34,0
1,25,0,85,0,34,0
1,75,0,15,0,34,0
1,15,0,5,0,34,0
1,25,0,45,0,34,0
1,85,0,25,0,34,0
1,35,0,15,0,34,0
1,5,0,95,0,34,0
1,5,0,35,0,34,0
1,75,0,35,0,34,0
1,95,0,85,0,34,0
1,25,0,15,0,34,0
1,45,0,95,0,34,0
1,75,0,5,0,34,0
1,35,0,45,0,34,0
1,25,0,65,0,34,0
1,15,0,75,0,34,0
1,45,0,25,0,34,0
1,15,0,35,0,34,0
1,35,0,35,0,34,0
1,95,0,5,0,34,0
1,45,0,55,0,34,0
1,15,0,45,0,34,0
1,65,0,55,0,34,0
1,25,0,95,0,34,0
1,5,0,55,0,34,0
1,5,0,85,0,34,0
1,95,0,65,0,34,0
1,75,0,75,0,34,0
1,15,0,55,0,34,0
1,65,0,85,0,34,0
1,15,0,25,0,34,0
1,5,0,65,0,34,0
1,25,0,55,0,34,0
1,55,0,65,0,34,0
1,15,0,15,0,34,0
1,45,0,75,0,34,0
1,35,0,55,0,34,0
1,95,0,25,0,34,0
1,35,0,5,0,34,0
1,75,0,95,0,34,0
1,55,0,95,0,34,0
1,45,0,5,0,34,0
1,25,0,75,0,34,0
1,65,0,45,0,34,0
1,45,0,85,0,34,0
1,85,0,45,0,34,0
1,85,0,75,0,34,0
1,35,0,25,0,34,0
1,5,0,75,0,34,0
1,95,0,95,0,34,0
1,75,0,25,0,34,0
1,35,0,75,0,34,0
1,55,0,75,0,34,0
1,5,0,45,0,34,0
1,65,0,25,0,34,0
1,95,0,35,0,34,0
1,55,0,85,0,34,0
1,35,0,65,0,34,0
1,65,0,15,0,34,0
1,65,0,75,0,34,0
1,45,0,15,0,34,0
1,65,0,35,0,34,0
1,55,0,15,0,34,0
1,85,0,35,0,34,0
1,15,0,65,0,34,0
1,85,0,85,0,34,0
1,5,0,15,0,34,0
1,85,0,55,0,34,0
1,95,0,75,0,34,0
1,65,0,95,0,34,0
1,95,0,55,0,34,0
1,25,0,25,0,34,0
1,15,0,85,0,34,0
1,45,0,65,0,34,0
1,75,0,55,0,34,0
1,85,0,5,0,34,0
1,75,0,45,0,34,0
1,15,0,95,0,34,0
1,5,0,5,0,34,0
1,55,0,45,0,34,0
1,75,0,65,0,34,0
1,85,0,15,0,34,0
1,85,0,95,0,34,0
1,55,0,35,0,34,0
1,25,0,5,0,34,0
1,5,0,25,0,34,0
1,45,0,45,0,34,0
1,55,0,55,0,34,0
1,35,0,95,0,34,0
1,75,0,85,0,34,0
1,25,0,35,0,34,0
1,45,0,35,0,34,0
1,65,0,5,0,34,0
1,35,0,85,0,34,0
1,95,0,45,0,35,0
1,25,0,5,0,35,0
1,85,0,15,0,35,0
1,95,0,15,0,35,0
1,65,0,65,0,35,0
1,55,0,55,0,35,0
1,25,0,85,0,35,0
1,5,0,95,0,35,0
1,55,0,35,0,35,0
1,75,0,15,0,35,0
1,75,0,85,0,35,0
1,75,0,5,0,35,0
1,5,0,25,0,35,0
1,35,0,35,0,35,0
1,45,0,35,0,35,0
1,35,0,15,0,35,0
1,65,0,55,0,35,0
1,45,0,45,0,35,0
1,65,0,5,0,35,0
1,15,0,25,0,35,0
1,5,0,35,0,35,0
1,35,0,95,0,35,0
1,35,0,55,0,35,0
1,45,0,95,0,35,0
1,45,0,5,0,35,0
1,35,0,85,0,35,0
1,25,0,35,0,35,0
1,55,0,5,0,35,0
1,5,0,75,0,35,0
1,95,0,75,0,35,0
1,15,0,5,0,35,0
1,95,0,95,0,35,0
1,75,0,35,0,35,0
1,55,0,75,0,35,0
1,15,0,85,0,35,0
1,25,0,25,0,35,0
1,25,0,65,0,35,0
1,45,0,65,0,35,0
1,65,0,25,0,35,0
1,75,0,55,0,35,0
1,5,0,55,0,35,0
1,55,0,85,0,35,0
1,75,0,45,0,35,0
1,85,0,5,0,35,0
1,65,0,85,0,35,0
1,5,0,5,0,35,0
1,85,0,65,0,35,0
1,15,0,95,0,35,0
1,45,0,75,0,35,0
1,75,0,65,0,35,0
1,85,0,25,0,35,0
1,55,0,45,0,35,0
1,35,0,45,0,35,0
1,25,0,55,0,35,0
1,85,0,95,0,35,0
1,25,0,15,0,35,0
1,15,0,35,0,35,0
1,35,0,5,0,35,0
1,45,0,25,0,35,0
1,55,0,25,0,35,0
1,65,0,35,0,35,0
1,95,0,5,0,35,0
1,45,0,85,0,35,0
1,15,0,45,0,35,0
1,25,0,45,0,35,0
1,55,0,65,0,35,0
1,25,0,95,0,35,0
1,75,0,25,0,35,0
1,75,0,95,0,35,0
1,95,0,85,0,35,0
1,75,0,75,0,35,0
1,5,0,85,0,35,0
1,85,0,45,0,35,0
1,95,0,35,0,35,0
1,15,0,75,0,35,0
1,25,0,75,0,35,0
1,35,0,75,0,35,0
1,15,0,55,0,35,0
1,55,0,15,0,35,0
1,45,0,55,0,35,0
1,65,0,15,0,35,0
1,35,0,25,0,35,0
1,85,0,55,0,35,0
1,15,0,65,0,35,0
1,95,0,65,0,35,0
1,5,0,65,0,35,0
1,65,0,95,0,35,0
1,5,0,45,0,35,0
1,15,0,15,0,35,0
1,65,0,75,0,35,0
1,35,0,65,0,35,0
1,95,0,25,0,35,0
1,85,0,85,0,35,0
1,45,0,15,0,35,0
1,55,0,95,0,35,0
1,95,0,55,0,35,0
1,85,0,35,0,35,0
1,5,0,15,0,35,0
1,65,0,45,0,35,0
1,85,0,75,0,35,0
1,25,0,5,0,36,0
1,95,0,15,0,36,0
1,95,0,45,0,36,0
1,55,0,55,0,36,0
1,75,0,85,0,36,0
1,95,0,75,0,36,0
1,65,0,65,0,36,0
1,45,0,35,0,36,0
1,85,0,65,0,36,0
1,15,0,85,0,36,0
1,85,0,25,0,36,0
1,75,0,15,0,36,0
1,25,0,15,0,36,0
1,45,0,65,0,36,0
1,45,0,25,0,36,0
1,35,0,15,0,36,0
1,15,0,45,0,36,0
1,75,0,45,0,36,0
1,75,0,75,0,36,0
1,5,0,35,0,36,0
1,55,0,65,0,36,0
1,5,0,5,0,36,0
1,75,0,95,0,36,0
1,45,0,95,0,36,0
1,85,0,45,0,36,0
1,75,0,65,0,36,0
1,35,0,75,0,36,0
1,65,0,15,0,36,0
1,55,0,5,0,36,0
1,15,0,65,0,36,0
1,25,0,25,0,36,0
1,65,0,95,0,36,0
1,15,0,5,0,36,0
1,65,0,5,0,36,0
1,75,0,55,0,36,0
1,75,0,35,0,36,0
1,35,0,85,0,36,0
1,25,0,65,0,36,0
1,85,0,5,0,36,0
1,95,0,95,0,36,0
1,55,0,75,0,36,0
1,5,0,55,0,36,0
1,15,0,95,0,36,0
1,65,0,25,0,36,0
1,55,0,45,0,36,0
1,65,0,85,0,36,0
1,85,0,95,0,36,0
1,45,0,75,0,36,0
1,35,0,45,0,36,0
1,55,0,25,0,36,0
1,35,0,65,0,36,0
1,45,0,15,0,36,0
1,15,0,35,0,36,0
1,25,0,45,0,36,0
1,85,0,35,0,36,0
1,5,0,15,0,36,0
1,95,0,85,0,36,0
1,95,0,5,0,36,0
1,15,0,75,0,36,0
1,25,0,95,0,36,0
1,15,0,25,0,36,0
1,45,0,55,0,36,0
1,5,0,65,0,36,0
1,5,0,85,0,36,0
1,15,0,15,0,36,0
1,95,0,65,0,36,0
1,15,0,55,0,36,0
1,95,0,25,0,36,0
1,55,0,95,0,36,0
1,65,0,45,0,36,0
1,25,0,55,0,36,0
1,85,0,75,0,36,0
1,25,0,85,0,36,0
1,35,0,55,0,36,0
1,35,0,5,0,36,0
1,45,0,5,0,36,0
1,5,0,95,0,36,0
1,5,0,75,0,36,0
1,45,0,85,0,36,0
1,55,0,85,0,36,0
1,75,0,5,0,36,0
1,65,0,35,0,36,0
1,75,0,25,0,36,0
1,35,0,35,0,36,0
1,95,0,35,0,36,0
1,65,0,55,0,36,0
1,55,0,15,0,36,0
1,85,0,15,0,36,0
1,85,0,55,0,36,0
1,55,0,35,0,36,0
1,25,0,75,0,36,0
1,5,0,25,0,36,0
1,35,0,25,0,36,0
1,45,0,45,0,36,0
1,5,0,45,0,36,0
1,35,0,95,0,36,0
1,65,0,75,0,36,0
1,25,0,35,0,36,0
1,85,0,85,0,36,0
1,95,0,55,0,36,0
1,25,0,25,0,37,0
1,85,0,15,0,37,0
1,95,0,45,0,37,0
1,25,0,5,0,37,0
1,75,0,55,0,37,0
1,55,0,25,0,37,0
1,55,0,55,0,37,0
1,85,0,5,0,37,0
1,55,0,35,0,37,0
1,65,0,65,0,37,0
1,15,0,95,0,37,0
1,25,0,45,0,37,0
1,75,0,85,0,37,0
1,55,0,45,0,37,0
1,5,0,25,0,37,0
1,75,0,15,0,37,0
1,95,0,85,0,37,0
1,45,0,35,0,37,0
1,85,0,95,0,37,0
1,45,0,45,0,37,0
1,35,0,15,0,37,0
1,85,0,65,0,37,0
1,65,0,5,0,37,0
1,15,0,75,0,37,0
1,85,0,25,0,37,0
1,35,0,95,0,37,0
1,5,0,35,0,37,0
1,25,0,15,0,37,0
1,35,0,85,0,37,0
1,45,0,55,0,37,0
1,45,0,25,0,37,0
1,25,0,35,0,37,0
1,45,0,95,0,37,0
1,15,0,45,0,37,0
1,95,0,65,0,37,0
1,95,0,95,0,37,0
1,75,0,75,0,37,0
1,95,0,75,0,37,0
1,35,0,45,0,37,0
1,55,0,65,0,37,0
1,55,0,75,0,37,0
1,95,0,15,0,37,0
1,75,0,95,0,37,0
1,15,0,85,0,37,0
1,15,0,35,0,37,0
1,85,0,45,0,37,0
1,65,0,25,0,37,0
1,25,0,85,0,37,0
1,35,0,75,0,37,0
1,45,0,65,0,37,0
1,95,0,5,0,37,0
1,35,0,65,0,37,0
1,5,0,95,0,37,0
1,15,0,25,0,37,0
1,75,0,45,0,37,0
1,25,0,95,0,37,0
1,35,0,55,0,37,0
1,45,0,15,0,37,0
1,75,0,5,0,37,0
1,45,0,5,0,37,0
1,5,0,5,0,37,0
1,5,0,75,0,37,0
1,5,0,85,0,37,0
1,35,0,35,0,37,0
1,85,0,35,0,37,0
1,55,0,85,0,37,0
1,65,0,55,0,37,0
1,55,0,5,0,37,0
1,75,0,65,0,37,0
1,5,0,15,0,37,0
1,15,0,55,0,37,0
1,5,0,65,0,37,0
1,65,0,35,0,37,0
1,15,0,15,0,37,0
1,15,0,5,0,37,0
1,95,0,25,0,37,0
1,25,0,55,0,37,0
1,25,0,75,0,37,0
1,55,0,95,0,37,0
1,75,0,35,0,37,0
1,65,0,45,0,37,0
1,35,0,5,0,37,0
1,35,0,25,0,37,0
1,85,0,75,0,37,0
1,65,0,15,0,37,0
1,25,0,65,0,37,0
1,45,0,85,0,37,0
1,5,0,45,0,37,0
1,15,0,65,0,37,0
1,5,0,55,0,37,0
1,65,0,95,0,37,0
1,75,0,25,0,37,0
1,65,0,75,0,37,0
1,65,0,85,0,37,0
1,95,0,35,0,37,0
1,85,0,85,0,37,0
1,45,0,75,0,37,0
1,55,0,15,0,37,0
1,95,0,55,0,37,0
1,85,0,55,0,37,0
1,25,0,5,0,38,0
1,85,0,15,0,38,0
1,55,0,55,0,38,0
1,75,0,85,0,38,0
1,55,0,35,0,38,0
1,45,0,35,0,38,0
1,65,0,5,0,38,0
1,35,0,85,0,38,0
1,5,0,25,0,38,0
1,85,0,65,0,38,0
1,25,0,55,0,38,0
1,95,0,95,0,38,0
1,55,0,75,0,38,0
1,45,0,45,0,38,0
1,35,0,5,0,38,0
1,65,0,25,0,38,0
1,45,0,85,0,38,0
1,85,0,25,0,38,0
1,35,0,65,0,38,0
1,75,0,25,0,38,0
1,35,0,95,0,38,0
1,45,0,15,0,38,0
1,95,0,35,0,38,0
1,85,0,35,0,38,0
1,25,0,15,0,38,0
1,55,0,15,0,38,0
1,5,0,15,0,38,0
1,85,0,55,0,38,0
1,25,0,35,0,38,0
1,35,0,45,0,38,0
1,45,0,25,0,38,0
1,25,0,75,0,38,0
1,15,0,35,0,38,0
1,35,0,25,0,38,0
1,95,0,5,0,38,0
1,25,0,95,0,38,0
1,5,0,45,0,38,0
1,15,0,45,0,38,0
1,5,0,85,0,38,0
1,65,0,75,0,38,0
1,15,0,55,0,38,0
1,85,0,85,0,38,0
1,75,0,75,0,38,0
1,5,0,65,0,38,0
1,95,0,75,0,38,0
1,95,0,55,0,38,0
1,15,0,15,0,38,0
1,95,0,15,0,38,0
1,55,0,65,0,38,0
1,95,0,25,0,38,0
1,25,0,85,0,38,0
1,15,0,85,0,38,0
1,55,0,95,0,38,0
1,5,0,95,0,38,0
1,75,0,95,0,38,0
1,65,0,45,0,38,0
1,75,0,5,0,38,0
1,45,0,65,0,38,0
1,85,0,75,0,38,0
1,35,0,35,0,38,0
1,85,0,45,0,38,0
1,95,0,45,0,38,0
1,65,0,55,0,38,0
1,75,0,45,0,38,0
1,65,0,65,0,38,0
1,15,0,25,0,38,0
1,35,0,75,0,38,0
1,75,0,15,0,38,0
1,35,0,55,0,38,0
1,5,0,5,0,38,0
1,35,0,15,0,38,0
1,45,0,5,0,38,0
1,5,0,35,0,38,0
1,5,0,75,0,38,0
1,65,0,15,0,38,0
1,75,0,65,0,38,0
1,45,0,95,0,38,0
1,55,0,85,0,38,0
1,55,0,5,0,38,0
1,65,0,35,0,38,0
1,15,0,65,0,38,0
1,25,0,25,0,38,0
1,15,0,5,0,38,0
1,55,0,25,0,38,0
1,65,0,95,0,38,0
1,75,0,35,0,38,0
1,75,0,55,0,38,0
1,25,0,65,0,38,0
1,25,0,45,0,38,0
1,5,0,55,0,38,0
1,85,0,5,0,38,0
1,95,0,85,0,38,0
1,65,0,85,0,38,0
1,15,0,75,0,38,0
1,45,0,75,0,38,0
1,45,0,55,0,38,0
1,15,0,95,0,38,0
1,95,0,65,0,38,0
1,55,0,45,0,38,0
1,85,0,95,0,38,0
1,95,0,45,0,39,0
1,85,0,15,0,39,0
1,95,0,95,0,39,0
1,55,0,25,0,39,0
1,25,0,45,0,39,0
1,65,0,65,0,39,0
1,55,0,75,0,39,0
1,75,0,15,0,39,0
1,95,0,85,0,39,0
1,55,0,35,0,39,0
1,15,0,75,0,39,0
1,35,0,15,0,39,0
1,45,0,55,0,39,0
1,5,0,35,0,39,0
1,65,0,25,0,39,0
1,5,0,25,0,39,0
1,95,0,65,0,39,0
1,45,0,95,0,39,0
1,55,0,5,0,39,0
1,95,0,15,0,39,0
1,35,0,65,0,39,0
1,15,0,5,0,39,0
1,85,0,65,0,39,0
1,25,0,5,0,39,0
1,75,0,35,0,39,0
1,45,0,15,0,39,0
1,85,0,25,0,39,0
1,25,0,65,0,39,0
1,5,0,55,0,39,0
1,55,0,55,0,39,0
1,25,0,15,0,39,0
1,65,0,85,0,39,0
1,45,0,25,0,39,0
1,45,0,75,0,39,0
1,15,0,45,0,39,0
1,75,0,85,0,39,0
1,55,0,65,0,39,0
1,85,0,35,0,39,0
1,75,0,75,0,39,0
1,75,0,95,0,39,0
1,45,0,35,0,39,0
1,25,0,55,0,39,0
1,85,0,45,0,39,0
1,5,0,15,0,39,0
1,35,0,5,0,39,0
1,35,0,75,0,39,0
1,65,0,5,0,39,0
1,45,0,85,0,39,0
1,65,0,15,0,39,0
1,75,0,25,0,39,0
1,35,0,85,0,39,0
1,15,0,65,0,39,0
1,95,0,35,0,39,0
1,95,0,75,0,39,0
1,65,0,95,0,39,0
1,55,0,15,0,39,0
1,25,0,75,0,39,0
1,85,0,55,0,39,0
1,15,0,25,0,39,0
1,35,0,25,0,39,0
1,15,0,85,0,39,0
1,5,0,65,0,39,0
1,5,0,45,0,39,0
1,35,0,55,0,39,0
1,15,0,15,0,39,0
1,45,0,65,0,39,0
1,65,0,75,0,39,0
1,95,0,25,0,39,0
1,85,0,85,0,39,0
1,45,0,5,0,39,0
1,55,0,95,0,39,0
1,75,0,45,0,39,0
1,65,0,45,0,39,0
1,95,0,55,0,39,0
1,5,0,75,0,39,0
1,85,0,75,0,39,0
1,35,0,45,0,39,0
1,25,0,85,0,39,0
1,5,0,5,0,39,0
1,55,0,85,0,39,0
1,15,0,35,0,39,0
1,5,0,95,0,39,0
1,95,0,5,0,39,0
1,75,0,5,0,39,0
1,75,0,65,0,39,0
1,65,0,35,0,39,0
1,25,0,95,0,39,0
1,35,0,35,0,39,0
1,25,0,25,0,39,0
1,65,0,55,0,39,0
1,5,0,85,0,39,0
1,45,0,45,0,39,0
1,15,0,55,0,39,0
1,75,0,55,0,39,0
1,35,0,95,0,39,0
1,25,0,35,0,39,0
1,85,0,5,0,39,0
1,15,0,95,0,39,0
1,55,0,45,0,39,0
1,85,0,95,0,39,0
1,25,0,5,0,40,0
1,35,0,45,0,40,0
1,85,0,15,0,40,0
1,25,0,25,0,40,0
1,75,0,55,0,40,0
1,55,0,55,0,40,0
1,15,0,35,0,40,0
1,75,0,85,0,40,0
1,85,0,5,0,40,0
1,55,0,35,0,40,0
1,15,0,95,0,40,0
1,45,0,35,0,40,0
1,95,0,5,0,40,0
1,55,0,45,0,40,0
1,5,0,25,0,40,0
1,65,0,5,0,40,0
1,85,0,65,0,40,0
1,85,0,95,0,40,0
1,25,0,95,0,40,0
1,35,0,85,0,40,0
1,45,0,45,0,40,0
1,55,0,25,0,40,0
1,95,0,95,0,40,0
1,85,0,25,0,40,0
1,55,0,75,0,40,0
1,5,0,85,0,40,0
1,35,0,95,0,40,0
1,65,0,25,0,40,0
1,25,0,55,0,40,0
1,25,0,15,0,40,0
1,35,0,65,0,40,0
1,15,0,55,0,40,0
1,35,0,5,0,40,0
1,25,0,35,0,40,0
1,45,0,15,0,40,0
1,45,0,85,0,40,0
1,85,0,35,0,40,0
1,45,0,25,0,40,0
1,95,0,75,0,40,0
1,5,0,15,0,40,0
1,75,0,25,0,40,0
1,5,0,65,0,40,0
1,15,0,45,0,40,0
1,95,0,35,0,40,0
1,55,0,5,0,40,0
1,15,0,85,0,40,0
1,55,0,15,0,40,0
1,15,0,5,0,40,0
1,15,0,15,0,40,0
1,75,0,75,0,40,0
1,85,0,55,0,40,0
1,75,0,35,0,40,0
1,45,0,65,0,40,0
1,25,0,75,0,40,0
1,25,0,65,0,40,0
1,55,0,65,0,40,0
1,95,0,25,0,40,0
1,35,0,25,0,40,0
1,5,0,55,0,40,0
1,75,0,45,0,40,0
1,5,0,45,0,40,0
1,65,0,85,0,40,0
1,75,0,95,0,40,0
1,55,0,95,0,40,0
1,5,0,5,0,40,0
1,65,0,75,0,40,0
1,45,0,75,0,40,0
1,85,0,85,0,40,0
1,85,0,45,0,40,0
1,95,0,15,0,40,0
1,75,0,65,0,40,0
1,65,0,45,0,40,0
1,95,0,55,0,40,0
1,25,0,85,0,40,0
1,35,0,75,0,40,0
1,25,0,45,0,40,0
1,5,0,95,0,40,0
1,85,0,75,0,40,0
1,15,0,25,0,40,0
1,75,0,5,0,40,0
1,95,0,85,0,40,0
1,95,0,45,0,40,0
1,65,0,15,0,40,0
1,35,0,35,0,40,0
1,15,0,75,0,40,0
1,35,0,55,0,40,0
1,15,0,65,0,40,0
1,45,0,55,0,40,0
1,65,0,55,0,40,0
1,65,0,65,0,40,0
1,45,0,5,0,40,0
1,95,0,65,0,40,0
1,65,0,95,0,40,0
1,75,0,15,0,40,0
1,5,0,75,0,40,0
1,55,0,85,0,40,0
1,35,0,15,0,40,0
1,65,0,35,0,40,0
1,5,0,35,0,40,0
1,45,0,95,0,40,0
1,25,0,25,0,41,0
1,25,0,5,0,41,0
1,95,0,45,0,41,0
1,85,0,15,0,41,0
1,75,0,55,0,41,0
1,55,0,55,0,41,0
1,85,0,5,0,41,0
1,75,0,85,0,41,0
1,65,0,65,0,41,0
1,15,0,95,0,41,0
1,45,0,35,0,41,0
1,55,0,35,0,41,0
1,75,0,15,0,41,0
1,55,0,45,0,41,0
1,65,0,5,0,41,0
1,85,0,95,0,41,0
1,35,0,85,0,41,0
1,35,0,15,0,41,0
1,5,0,25,0,41,0
1,5,0,35,0,41,0
1,35,0,45,0,41,0
1,45,0,45,0,41,0
1,15,0,35,0,41,0
1,45,0,95,0,41,0
1,55,0,5,0,41,0
1,95,0,5,0,41,0
1,35,0,95,0,41,0
1,15,0,5,0,41,0
1,25,0,95,0,41,0
1,5,0,65,0,41,0
1,75,0,35,0,41,0
1,5,0,85,0,41,0
1,25,0,35,0,41,0
1,25,0,65,0,41,0
1,15,0,55,0,41,0
1,15,0,15,0,41,0
1,5,0,55,0,41,0
1,85,0,65,0,41,0
1,95,0,75,0,41,0
1,65,0,85,0,41,0
1,95,0,25,0,41,0
1,45,0,75,0,41,0
1,85,0,25,0,41,0
1,25,0,15,0,41,0
1,25,0,55,0,41,0
1,15,0,85,0,41,0
1,35,0,5,0,41,0
1,55,0,25,0,41,0
1,55,0,95,0,41,0
1,45,0,65,0,41,0
1,45,0,85,0,41,0
1,25,0,45,0,41,0
1,65,0,45,0,41,0
1,75,0,25,0,41,0
1,95,0,85,0,41,0
1,75,0,45,0,41,0
1,95,0,35,0,41,0
1,15,0,75,0,41,0
1,85,0,75,0,41,0
1,55,0,15,0,41,0
1,45,0,55,0,41,0
1,5,0,5,0,41,0
1,95,0,65,0,41,0
1,85,0,55,0,41,0
1,95,0,15,0,41,0
1,15,0,25,0,41,0
1,25,0,75,0,41,0
1,35,0,55,0,41,0
1,35,0,25,0,41,0
1,25,0,85,0,41,0
1,75,0,65,0,41,0
1,45,0,5,0,41,0
1,5,0,45,0,41,0
1,5,0,95,0,41,0
1,5,0,75,0,41,0
1,65,0,75,0,41,0
1,55,0,65,0,41,0
1,55,0,85,0,41,0
1,85,0,85,0,41,0
1,75,0,5,0,41,0
1,65,0,35,0,41,0
1,95,0,55,0,41,0
1,75,0,95,0,41,0
1,45,0,25,0,41,0
1,95,0,95,0,41,0
1,35,0,35,0,41,0
1,85,0,45,0,41,0
1,15,0,45,0,41,0
1,55,0,75,0,41,0
1,75,0,75,0,41,0
1,65,0,55,0,41,0
1,65,0,25,0,41,0
1,35,0,75,0,41,0
1,35,0,65,0,41,0
1,65,0,15,0,41,0
1,45,0,15,0,41,0
1,15,0,65,0,41,0
1,85,0,35,0,41,0
1,5,0,15,0,41,0
1,65,0,95,0,41,0
1,35,0,45,0,42,0
1,25,0,25,0,42,0
1,95,0,45,0,42,0
1,85,0,65,0,42,0
1,25,0,5,0,42,0
1,85,0,15,0,42,0
1,15,0,35,0,42,0
1,75,0,55,0,42,0
1,95,0,5,0,42,0
1,85,0,25,0,42,0
1,65,0,65,0,42,0
1,25,0,95,0,42,0
1,55,0,35,0,42,0
1,55,0,55,0,42,0
1,85,0,5,0,42,0
1,75,0,15,0,42,0
1,25,0,15,0,42,0
1,5,0,85,0,42,0
1,5,0,25,0,42,0
1,15,0,95,0,42,0
1,75,0,85,0,42,0
1,15,0,55,0,42,0
1,35,0,15,0,42,0
1,45,0,25,0,42,0
1,5,0,65,0,42,0
1,45,0,45,0,42,0
1,55,0,45,0,42,0
1,5,0,35,0,42,0
1,15,0,45,0,42,0
1,15,0,15,0,42,0
1,35,0,95,0,42,0
1,85,0,95,0,42,0
1,45,0,95,0,42,0
1,95,0,25,0,42,0
1,75,0,75,0,42,0
1,55,0,95,0,42,0
1,25,0,35,0,42,0
1,55,0,5,0,42,0
1,55,0,25,0,42,0
1,55,0,65,0,42,0
1,65,0,45,0,42,0
1,85,0,75,0,42,0
1,95,0,75,0,42,0
1,15,0,5,0,42,0
1,25,0,45,0,42,0
1,75,0,95,0,42,0
1,25,0,55,0,42,0
1,75,0,35,0,42,0
1,15,0,85,0,42,0
1,85,0,45,0,42,0
1,95,0,85,0,42,0
1,35,0,5,0,42,0
1,25,0,65,0,42,0
1,45,0,65,0,42,0
1,45,0,85,0,42,0
1,35,0,75,0,42,0
1,15,0,75,0,42,0
1,75,0,25,0,42,0
1,5,0,55,0,42,0
1,75,0,45,0,42,0
1,45,0,55,0,42,0
1,65,0,15,0,42,0
1,95,0,35,0,42,0
1,65,0,85,0,42,0
1,5,0,5,0,42,0
1,15,0,65,0,42,0
1,55,0,15,0,42,0
1,95,0,65,0,42,0
1,45,0,75,0,42,0
1,85,0,55,0,42,0
1,75,0,65,0,42,0
1,65,0,95,0,42,0
1,25,0,75,0,42,0
1,95,0,15,0,42,0
1,15,0,25,0,42,0
1,35,0,25,0,42,0
1,45,0,35,0,42,0
1,25,0,85,0,42,0
1,5,0,45,0,42,0
1,35,0,55,0,42,0
1,95,0,95,0,42,0
1,65,0,75,0,42,0
1,65,0,5,0,42,0
1,5,0,95,0,42,0
1,55,0,75,0,42,0
1,45,0,5,0,42,0
1,85,0,85,0,42,0
1,95,0,55,0,42,0
1,75,0,5,0,42,0
1,35,0,85,0,42,0
1,65,0,25,0,42,0
1,5,0,75,0,42,0
1,35,0,35,0,42,0
1,55,0,85,0,42,0
1,35,0,65,0,42,0
1,45,0,15,0,42,0
1,65,0,55,0,42,0
1,65,0,35,0,42,0
1,85,0,35,0,42,0
1,5,0,15,0,42,0
1,95,0,95,0,43,0
1,5,0,65,0,43,0
1,55,0,25,0,43,0
1,95,0,45,0,43,0
1,85,0,15,0,43,0
1,55,0,75,0,43,0
1,15,0,15,0,43,0
1,65,0,25,0,43,0
1,25,0,45,0,43,0
1,55,0,35,0,43,0
1,65,0,65,0,43,0
1,35,0,65,0,43,0
1,95,0,25,0,43,0
1,95,0,85,0,43,0
1,45,0,15,0,43,0
1,5,0,25,0,43,0
1,75,0,15,0,43,0
1,25,0,25,0,43,0
1,85,0,35,0,43,0
1,55,0,95,0,43,0
1,15,0,75,0,43,0
1,5,0,15,0,43,0
1,45,0,45,0,43,0
1,35,0,15,0,43,0
1,65,0,45,0,43,0
1,75,0,55,0,43,0
1,45,0,55,0,43,0
1,85,0,65,0,43,0
1,5,0,35,0,43,0
1,85,0,75,0,43,0
1,35,0,95,0,43,0
1,85,0,5,0,43,0
1,85,0,25,0,43,0
1,95,0,65,0,43,0
1,25,0,15,0,43,0
1,45,0,95,0,43,0
1,25,0,35,0,43,0
1,15,0,95,0,43,0
1,25,0,55,0,43,0
1,25,0,75,0,43,0
1,45,0,25,0,43,0
1,55,0,45,0,43,0
1,55,0,5,0,43,0
1,15,0,45,0,43,0
1,35,0,5,0,43,0
1,95,0,75,0,43,0
1,35,0,25,0,43,0
1,75,0,75,0,43,0
1,85,0,95,0,43,0
1,15,0,5,0,43,0
1,45,0,85,0,43,0
1,15,0,85,0,43,0
1,5,0,45,0,43,0
1,55,0,65,0,43,0
1,75,0,35,0,43,0
1,95,0,15,0,43,0
1,75,0,95,0,43,0
1,45,0,65,0,43,0
1,75,0,25,0,43,0
1,65,0,75,0,43,0
1,25,0,65,0,43,0
1,85,0,45,0,43,0
1,25,0,85,0,43,0
1,75,0,45,0,43,0
1,95,0,35,0,43,0
1,85,0,85,0,43,0
1,35,0,75,0,43,0
1,5,0,55,0,43,0
1,5,0,95,0,43,0
1,5,0,5,0,43,0
1,55,0,15,0,43,0
1,95,0,55,0,43,0
1,65,0,15,0,43,0
1,65,0,85,0,43,0
1,75,0,5,0,43,0
1,15,0,65,0,43,0
1,75,0,65,0,43,0
1,85,0,55,0,43,0
1,15,0,25,0,43,0
1,45,0,75,0,43,0
1,65,0,95,0,43,0
1,35,0,35,0,43,0
1,25,0,5,0,43,0
1,35,0,55,0,43,0
1,35,0,45,0,43,0
1,65,0,55,0,43,0
1,55,0,55,0,43,0
1,45,0,5,0,43,0
1,15,0,35,0,43,0
1,75,0,85,0,43,0
1,5,0,75,0,43,0
1,45,0,35,0,43,0
1,95,0,5,0,43,0
1,65,0,5,0,43,0
1,55,0,85,0,43,0
1,25,0,95,0,43,0
1,35,0,85,0,43,0
1,65,0,35,0,43,0
1,5,0,85,0,43,0
1,15,0,55,0,43,0
1,35,0,45,0,44,0
1,55,0,5,0,44,0
1,25,0,5,0,44,0
1,85,0,15,0,44,0
1,25,0,25,0,44,0
1,15,0,35,0,44,0
1,75,0,55,0,44,0
1,55,0,55,0,44,0
1,55,0,35,0,44,0
1,15,0,5,0,44,0
1,95,0,5,0,44,0
1,85,0,5,0,44,0
1,75,0,85,0,44,0
1,75,0,35,0,44,0
1,25,0,95,0,44,0
1,15,0,95,0,44,0
1,45,0,35,0,44,0
1,5,0,25,0,44,0
1,85,0,65,0,44,0
1,5,0,85,0,44,0
1,55,0,45,0,44,0
1,65,0,5,0,44,0
1,25,0,65,0,44,0
1,85,0,25,0,44,0
1,85,0,95,0,44,0
1,35,0,85,0,44,0
1,5,0,55,0,44,0
1,25,0,15,0,44,0
1,15,0,55,0,44,0
1,45,0,45,0,44,0
1,45,0,25,0,44,0
1,55,0,25,0,44,0
1,95,0,95,0,44,0
1,15,0,45,0,44,0
1,65,0,85,0,44,0
1,35,0,95,0,44,0
1,75,0,75,0,44,0
1,55,0,75,0,44,0
1,25,0,45,0,44,0
1,25,0,35,0,44,0
1,45,0,75,0,44,0
1,55,0,65,0,44,0
1,65,0,25,0,44,0
1,95,0,85,0,44,0
1,95,0,15,0,44,0
1,75,0,95,0,44,0
1,15,0,25,0,44,0
1,95,0,75,0,44,0
1,35,0,65,0,44,0
1,85,0,45,0,44,0
1,15,0,75,0,44,0
1,25,0,85,0,44,0
1,35,0,75,0,44,0
1,35,0,55,0,44,0
1,45,0,15,0,44,0
1,15,0,85,0,44,0
1,65,0,15,0,44,0
1,45,0,55,0,44,0
1,5,0,95,0,44,0
1,15,0,65,0,44,0
1,45,0,5,0,44,0
1,85,0,35,0,44,0
1,45,0,65,0,44,0
1,95,0,65,0,44,0
1,75,0,5,0,44,0
1,65,0,95,0,44,0
1,5,0,15,0,44,0
1,5,0,75,0,44,0
1,75,0,45,0,44,0
1,25,0,75,0,44,0
1,35,0,35,0,44,0
1,25,0,55,0,44,0
1,35,0,25,0,44,0
1,95,0,45,0,44,0
1,5,0,5,0,44,0
1,55,0,85,0,44,0
1,35,0,5,0,44,0
1,5,0,45,0,44,0
1,65,0,55,0,44,0
1,65,0,75,0,44,0
1,65,0,35,0,44,0
1,75,0,65,0,44,0
1,65,0,65,0,44,0
1,45,0,85,0,44,0
1,85,0,85,0,44,0
1,95,0,55,0,44,0
1,75,0,25,0,44,0
1,75,0,15,0,44,0
1,35,0,15,0,44,0
1,95,0,35,0,44,0
1,5,0,65,0,44,0
1,55,0,15,0,44,0
1,5,0,35,0,44,0
1,15,0,15,0,44,0
1,45,0,95,0,44,0
1,85,0,55,0,44,0
1,95,0,25,0,44,0
1,55,0,95,0,44,0
1,65,0,45,0,44,0
1,85,0,75,0,44,0
1,25,0,75,0,45,0
1,95,0,15,0,45,0
1,85,0,65,0,45,0
1,25,0,5,0,45,0
1,35,0,25,0,45,0
1,55,0,55,0,45,0
1,85,0,25,0,45,0
1,25,0,85,0,45,0
1,75,0,85,0,45,0
1,5,0,45,0,45,0
1,15,0,25,0,45,0
1,45,0,35,0,45,0
1,25,0,15,0,45,0
1,5,0,95,0,45,0
1,65,0,5,0,45,0
1,65,0,75,0,45,0
1,35,0,55,0,45,0
1,45,0,25,0,45,0
1,35,0,85,0,45,0
1,75,0,5,0,45,0
1,95,0,95,0,45,0
1,15,0,45,0,45,0
1,25,0,55,0,45,0
1,35,0,35,0,45,0
1,45,0,5,0,45,0
1,85,0,15,0,45,0
1,35,0,5,0,45,0
1,65,0,55,0,45,0
1,45,0,85,0,45,0
1,55,0,35,0,45,0
1,5,0,75,0,45,0
1,75,0,25,0,45,0
1,55,0,65,0,45,0
1,95,0,35,0,45,0
1,5,0,25,0,45,0
1,55,0,85,0,45,0
1,55,0,15,0,45,0
1,75,0,95,0,45,0
1,45,0,45,0,45,0
1,65,0,35,0,45,0
1,85,0,45,0,45,0
1,35,0,95,0,45,0
1,95,0,75,0,45,0
1,35,0,75,0,45,0
1,25,0,35,0,45,0
1,15,0,85,0,45,0
1,75,0,75,0,45,0
1,65,0,15,0,45,0
1,85,0,55,0,45,0
1,45,0,65,0,45,0
1,15,0,65,0,45,0
1,95,0,45,0,45,0
1,55,0,5,0,45,0
1,75,0,45,0,45,0
1,15,0,5,0,45,0
1,65,0,65,0,45,0
1,25,0,25,0,45,0
1,5,0,5,0,45,0
1,65,0,95,0,45,0
1,75,0,35,0,45,0
1,75,0,15,0,45,0
1,25,0,65,0,45,0
1,75,0,65,0,45,0
1,75,0,55,0,45,0
1,55,0,25,0,45,0
1,5,0,55,0,45,0
1,35,0,15,0,45,0
1,65,0,85,0,45,0
1,85,0,5,0,45,0
1,35,0,45,0,45,0
1,25,0,45,0,45,0
1,5,0,35,0,45,0
1,45,0,75,0,45,0
1,15,0,35,0,45,0
1,95,0,85,0,45,0
1,45,0,95,0,45,0
1,5,0,65,0,45,0
1,15,0,95,0,45,0
1,15,0,75,0,45,0
1,15,0,15,0,45,0
1,95,0,5,0,45,0
1,85,0,85,0,45,0
1,95,0,25,0,45,0
1,45,0,55,0,45,0
1,95,0,55,0,45,0
1,55,0,95,0,45,0
1,55,0,75,0,45,0
1,65,0,45,0,45,0
1,95,0,65,0,45,0
1,85,0,75,0,45,0
1,65,0,25,0,45,0
1,35,0,65,0,45,0
1,25,0,95,0,45,0
1,55,0,45,0,45,0
1,45,0,15,0,45,0
1,85,0,95,0,45,0
1,85,0,35,0,45,0
1,5,0,85,0,45,0
1,5,0,15,0,45,0
1,15,0,55,0,45,0
1,25,0,55,0,46,0
1,95,0,15,0,46,0
1,95,0,45,0,46,0
1,15,0,25,0,46,0
1,85,0,65,0,46,0
1,35,0,5,0,46,0
1,25,0,85,0,46,0
1,65,0,65,0,46,0
1,45,0,85,0,46,0
1,75,0,25,0,46,0
1,85,0,25,0,46,0
1,5,0,95,0,46,0
1,95,0,35,0,46,0
1,75,0,15,0,46,0
1,55,0,15,0,46,0
1,75,0,5,0,46,0
1,85,0,15,0,46,0
1,85,0,55,0,46,0
1,25,0,75,0,46,0
1,35,0,15,0,46,0
1,35,0,35,0,46,0
1,35,0,25,0,46,0
1,55,0,35,0,46,0
1,5,0,45,0,46,0
1,25,0,15,0,46,0
1,5,0,35,0,46,0
1,65,0,55,0,46,0
1,5,0,25,0,46,0
1,65,0,75,0,46,0
1,85,0,85,0,46,0
1,45,0,95,0,46,0
1,45,0,25,0,46,0
1,95,0,55,0,46,0
1,45,0,45,0,46,0
1,55,0,65,0,46,0
1,95,0,75,0,46,0
1,55,0,5,0,46,0
1,15,0,45,0,46,0
1,35,0,95,0,46,0
1,15,0,85,0,46,0
1,75,0,95,0,46,0
1,45,0,65,0,46,0
1,75,0,75,0,46,0
1,15,0,5,0,46,0
1,25,0,35,0,46,0
1,75,0,45,0,46,0
1,85,0,45,0,46,0
1,5,0,5,0,46,0
1,75,0,35,0,46,0
1,75,0,65,0,46,0
1,95,0,95,0,46,0
1,35,0,75,0,46,0
1,35,0,45,0,46,0
1,5,0,65,0,46,0
1,55,0,75,0,46,0
1,15,0,15,0,46,0
1,25,0,65,0,46,0
1,65,0,15,0,46,0
1,15,0,35,0,46,0
1,95,0,25,0,46,0
1,65,0,25,0,46,0
1,55,0,95,0,46,0
1,5,0,55,0,46,0
1,95,0,5,0,46,0
1,15,0,65,0,46,0
1,65,0,45,0,46,0
1,35,0,65,0,46,0
1,85,0,75,0,46,0
1,65,0,85,0,46,0
1,25,0,95,0,46,0
1,65,0,95,0,46,0
1,35,0,55,0,46,0
1,25,0,25,0,46,0
1,45,0,15,0,46,0
1,75,0,55,0,46,0
1,45,0,75,0,46,0
1,5,0,85,0,46,0
1,55,0,25,0,46,0
1,85,0,5,0,46,0
1,45,0,5,0,46,0
1,85,0,35,0,46,0
1,15,0,95,0,46,0
1,15,0,55,0,46,0
1,5,0,75,0,46,0
1,55,0,45,0,46,0
1,25,0,45,0,46,0
1,5,0,15,0,46,0
1,55,0,85,0,46,0
1,85,0,95,0,46,0
1,65,0,35,0,46,0
1,25,0,5,0,46,0
1,95,0,85,0,46,0
1,55,0,55,0,46,0
1,75,0,85,0,46,0
1,45,0,35,0,46,0
1,15,0,75,0,46,0
1,65,0,5,0,46,0
1,35,0,85,0,46,0
1,45,0,55,0,46,0
1,95,0,65,0,46,0
1,95,0,15,0,47,0
1,25,0,5,0,47,0
1,85,0,65,0,47,0
1,95,0,45,0,47,0
1,85,0,15,0,47,0
1,25,0,85,0,47,0
1,85,0,25,0,47,0
1,5,0,95,0,47,0
1,55,0,35,0,47,0
1,55,0,55,0,47,0
1,25,0,15,0,47,0
1,75,0,5,0,47,0
1,5,0,25,0,47,0
1,35,0,35,0,47,0
1,45,0,25,0,47,0
1,75,0,85,0,47,0
1,65,0,55,0,47,0
1,15,0,45,0,47,0
1,45,0,45,0,47,0
1,15,0,25,0,47,0
1,45,0,35,0,47,0
1,35,0,55,0,47,0
1,75,0,75,0,47,0
1,45,0,5,0,47,0
1,35,0,95,0,47,0
1,55,0,65,0,47,0
1,65,0,5,0,47,0
1,5,0,75,0,47,0
1,25,0,35,0,47,0
1,55,0,85,0,47,0
1,35,0,85,0,47,0
1,75,0,95,0,47,0
1,65,0,35,0,47,0
1,65,0,65,0,47,0
1,95,0,75,0,47,0
1,25,0,55,0,47,0
1,85,0,45,0,47,0
1,95,0,95,0,47,0
1,35,0,5,0,47,0
1,35,0,75,0,47,0
1,15,0,85,0,47,0
1,75,0,15,0,47,0
1,45,0,85,0,47,0
1,55,0,75,0,47,0
1,75,0,25,0,47,0
1,65,0,15,0,47,0
1,45,0,65,0,47,0
1,35,0,15,0,47,0
1,95,0,35,0,47,0
1,15,0,65,0,47,0
1,65,0,25,0,47,0
1,75,0,45,0,47,0
1,55,0,15,0,47,0
1,5,0,35,0,47,0
1,65,0,95,0,47,0
1,85,0,55,0,47,0
1,35,0,65,0,47,0
1,5,0,5,0,47,0
1,45,0,95,0,47,0
1,25,0,75,0,47,0
1,25,0,25,0,47,0
1,45,0,15,0,47,0
1,35,0,25,0,47,0
1,75,0,65,0,47,0
1,75,0,55,0,47,0
1,5,0,45,0,47,0
1,55,0,5,0,47,0
1,85,0,35,0,47,0
1,65,0,75,0,47,0
1,85,0,5,0,47,0
1,35,0,45,0,47,0
1,15,0,5,0,47,0
1,85,0,85,0,47,0
1,55,0,25,0,47,0
1,15,0,95,0,47,0
1,5,0,15,0,47,0
1,95,0,55,0,47,0
1,15,0,35,0,47,0
1,55,0,45,0,47,0
1,25,0,45,0,47,0
1,85,0,95,0,47,0
1,5,0,65,0,47,0
1,95,0,5,0,47,0
1,75,0,35,0,47,0
1,95,0,85,0,47,0
1,15,0,15,0,47,0
1,25,0,95,0,47,0
1,25,0,65,0,47,0
1,15,0,75,0,47,0
1,5,0,85,0,47,0
1,5,0,55,0,47,0
1,45,0,55,0,47,0
1,15,0,55,0,47,0
1,65,0,85,0,47,0
1,95,0,25,0,47,0
1,95,0,65,0,47,0
1,55,0,95,0,47,0
1,65,0,45,0,47,0
1,85,0,75,0,47,0
1,45,0,75,0,47,0
1,25,0,55,0,48,0
1,85,0,65,0,48,0
1,95,0,75,0,48,0
1,95,0,45,0,48,0
1,35,0,45,0,48,0
1,65,0,65,0,48,0
1,85,0,25,0,48,0
1,35,0,5,0,48,0
1,25,0,5,0,48,0
1,15,0,35,0,48,0
1,85,0,15,0,48,0
1,95,0,5,0,48,0
1,45,0,85,0,48,0
1,25,0,15,0,48,0
1,75,0,15,0,48,0
1,55,0,55,0,48,0
1,55,0,35,0,48,0
1,25,0,95,0,48,0
1,5,0,25,0,48,0
1,45,0,25,0,48,0
1,75,0,25,0,48,0
1,5,0,85,0,48,0
1,75,0,85,0,48,0
1,35,0,15,0,48,0
1,45,0,45,0,48,0
1,15,0,55,0,48,0
1,35,0,95,0,48,0
1,15,0,45,0,48,0
1,45,0,35,0,48,0
1,95,0,35,0,48,0
1,5,0,35,0,48,0
1,5,0,65,0,48,0
1,25,0,35,0,48,0
1,75,0,75,0,48,0
1,15,0,15,0,48,0
1,55,0,15,0,48,0
1,95,0,95,0,48,0
1,45,0,95,0,48,0
1,65,0,5,0,48,0
1,95,0,25,0,48,0
1,55,0,75,0,48,0
1,55,0,65,0,48,0
1,85,0,55,0,48,0
1,35,0,85,0,48,0
1,55,0,95,0,48,0
1,55,0,5,0,48,0
1,65,0,25,0,48,0
1,65,0,45,0,48,0
1,35,0,65,0,48,0
1,75,0,95,0,48,0
1,25,0,75,0,48,0
1,95,0,15,0,48,0
1,15,0,5,0,48,0
1,85,0,75,0,48,0
1,45,0,15,0,48,0
1,85,0,45,0,48,0
1,15,0,25,0,48,0
1,35,0,25,0,48,0
1,85,0,35,0,48,0
1,25,0,85,0,48,0
1,75,0,35,0,48,0
1,5,0,15,0,48,0
1,35,0,75,0,48,0
1,5,0,45,0,48,0
1,5,0,95,0,48,0
1,25,0,65,0,48,0
1,25,0,25,0,48,0
1,65,0,15,0,48,0
1,65,0,75,0,48,0
1,75,0,55,0,48,0
1,75,0,5,0,48,0
1,5,0,55,0,48,0
1,85,0,5,0,48,0
1,15,0,65,0,48,0
1,85,0,85,0,48,0
1,35,0,35,0,48,0
1,65,0,85,0,48,0
1,15,0,95,0,48,0
1,65,0,95,0,48,0
1,35,0,55,0,48,0
1,95,0,55,0,48,0
1,55,0,45,0,48,0
1,45,0,75,0,48,0
1,85,0,95,0,48,0
1,15,0,85,0,48,0
1,55,0,25,0,48,0
1,25,0,45,0,48,0
1,45,0,65,0,48,0
1,95,0,85,0,48,0
1,45,0,5,0,48,0
1,75,0,45,0,48,0
1,15,0,75,0,48,0
1,5,0,75,0,48,0
1,5,0,5,0,48,0
1,55,0,85,0,48,0
1,45,0,55,0,48,0
1,65,0,35,0,48,0
1,75,0,65,0,48,0
1,95,0,65,0,48,0
1,65,0,55,0,48,0
1,95,0,15,0,49,0
1,55,0,65,0,49,0
1,25,0,55,0,49,0
1,95,0,45,0,49,0
1,85,0,65,0,49,0
1,35,0,5,0,49,0
1,25,0,85,0,49,0
1,65,0,65,0,49,0
1,85,0,25,0,49,0
1,45,0,85,0,49,0
1,5,0,95,0,49,0
1,75,0,95,0,49,0
1,75,0,5,0,49,0
1,75,0,25,0,49,0
1,75,0,15,0,49,0
1,25,0,15,0,49,0
1,35,0,35,0,49,0
1,95,0,35,0,49,0
1,85,0,45,0,49,0
1,35,0,15,0,49,0
1,65,0,55,0,49,0
1,55,0,15,0,49,0
1,45,0,25,0,49,0
1,35,0,75,0,49,0
1,85,0,55,0,49,0
1,15,0,25,0,49,0
1,15,0,45,0,49,0
1,5,0,35,0,49,0
1,35,0,55,0,49,0
1,25,0,75,0,49,0
1,65,0,15,0,49,0
1,35,0,25,0,49,0
1,45,0,5,0,49,0
1,75,0,75,0,49,0
1,45,0,95,0,49,0
1,5,0,45,0,49,0
1,5,0,75,0,49,0
1,15,0,65,0,49,0
1,95,0,75,0,49,0
1,55,0,5,0,49,0
1,65,0,75,0,49,0
1,85,0,85,0,49,0
1,65,0,95,0,49,0
1,15,0,85,0,49,0
1,15,0,5,0,49,0
1,95,0,55,0,49,0
1,25,0,5,0,49,0
1,45,0,65,0,49,0
1,75,0,35,0,49,0
1,35,0,45,0,49,0
1,25,0,25,0,49,0
1,55,0,55,0,49,0
1,15,0,35,0,49,0
1,75,0,85,0,49,0
1,85,0,15,0,49,0
1,75,0,45,0,49,0
1,75,0,55,0,49,0
1,95,0,5,0,49,0
1,25,0,65,0,49,0
1,45,0,35,0,49,0
1,25,0,95,0,49,0
1,65,0,5,0,49,0
1,85,0,5,0,49,0
1,5,0,5,0,49,0
1,55,0,35,0,49,0
1,5,0,55,0,49,0
1,5,0,85,0,49,0
1,35,0,85,0,49,0
1,15,0,55,0,49,0
1,5,0,25,0,49,0
1,15,0,95,0,49,0
1,75,0,65,0,49,0
1,65,0,85,0,49,0
1,95,0,95,0,49,0
1,5,0,65,0,49,0
1,45,0,45,0,49,0
1,55,0,75,0,49,0
1,55,0,45,0,49,0
1,45,0,75,0,49,0
1,15,0,15,0,49,0
1,55,0,25,0,49,0
1,35,0,95,0,49,0
1,65,0,25,0,49,0
1,95,0,25,0,49,0
1,85,0,95,0,49,0
1,55,0,85,0,49,0
1,35,0,65,0,49,0
1,25,0,35,0,49,0
1,25,0,45,0,49,0
1,55,0,95,0,49,0
1,45,0,15,0,49,0
1,85,0,35,0,49,0
1,65,0,35,0,49,0
1,95,0,85,0,49,0
1,65,0,45,0,49,0
1,5,0,15,0,49,0
1,85,0,75,0,49,0
1,15,0,75,0,49,0
1,45,0,55,0,49,0
1,95,0,65,0,49,0
1,85,0,65,0,50,0
1,25,0,5,0,50,0
1,95,0,45,0,50,0
1,85,0,25,0,50,0
1,55,0,55,0,50,0
1,25,0,15,0,50,0
1,15,0,25,0,50,0
1,75,0,85,0,50,0
1,65,0,65,0,50,0
1,45,0,25,0,50,0
1,45,0,35,0,50,0
1,15,0,45,0,50,0
1,65,0,5,0,50,0
1,35,0,55,0,50,0
1,75,0,75,0,50,0
1,75,0,15,0,50,0
1,35,0,85,0,50,0
1,55,0,65,0,50,0
1,95,0,95,0,50,0
1,75,0,95,0,50,0
1,35,0,15,0,50,0
1,55,0,75,0,50,0
1,45,0,5,0,50,0
1,85,0,45,0,50,0
1,65,0,25,0,50,0
1,95,0,15,0,50,0
1,35,0,75,0,50,0
1,35,0,65,0,50,0
1,5,0,75,0,50,0
1,65,0,15,0,50,0
1,85,0,15,0,50,0
1,45,0,15,0,50,0
1,15,0,65,0,50,0
1,85,0,35,0,50,0
1,25,0,85,0,50,0
1,55,0,85,0,50,0
1,65,0,95,0,50,0
1,5,0,15,0,50,0
1,55,0,35,0,50,0
1,25,0,55,0,50,0
1,65,0,35,0,50,0
1,5,0,95,0,50,0
1,35,0,45,0,50,0
1,35,0,5,0,50,0
1,15,0,35,0,50,0
1,5,0,25,0,50,0
1,45,0,85,0,50,0
1,5,0,65,0,50,0
1,75,0,5,0,50,0
1,75,0,25,0,50,0
1,95,0,5,0,50,0
1,95,0,35,0,50,0
1,45,0,45,0,50,0
1,25,0,95,0,50,0
1,15,0,15,0,50,0
1,35,0,35,0,50,0
1,55,0,15,0,50,0
1,5,0,85,0,50,0
1,35,0,95,0,50,0
1,85,0,55,0,50,0
1,65,0,55,0,50,0
1,95,0,25,0,50,0
1,15,0,55,0,50,0
1,25,0,75,0,50,0
1,25,0,35,0,50,0
1,95,0,75,0,50,0
1,35,0,25,0,50,0
1,55,0,95,0,50,0
1,55,0,25,0,50,0
1,5,0,45,0,50,0
1,15,0,85,0,50,0
1,55,0,5,0,50,0
1,65,0,75,0,50,0
1,65,0,45,0,50,0
1,25,0,45,0,50,0
1,85,0,85,0,50,0
1,45,0,65,0,50,0
1,15,0,5,0,50,0
1,95,0,55,0,50,0
1,85,0,75,0,50,0
1,75,0,45,0,50,0
1,95,0,85,0,50,0
1,25,0,25,0,50,0
1,5,0,35,0,50,0
1,5,0,5,0,50,0
1,75,0,35,0,50,0
1,15,0,75,0,50,0
1,75,0,65,0,50,0
1,45,0,95,0,50,0
1,75,0,55,0,50,0
1,25,0,65,0,50,0
1,45,0,55,0,50,0
1,85,0,5,0,50,0
1,5,0,55,0,50,0
1,95,0,65,0,50,0
1,15,0,95,0,50,0
1,65,0,85,0,50,0
1,55,0,45,0,50,0
1,45,0,75,0,50,0
1,85,0,95,0,50,0
